market,country,rank,brand,reach,chart_url,page_url
united-states,United States,1,Fox News online,17.0,https://datawrapper.dwcdn.net/xLiBC/2/,https://reutersinstitute.politics.ox.ac.uk/digital-news-report/2026/united-states
united-states,United States,2,Yahoo! News,16.0,https://datawrapper.dwcdn.net/xLiBC/2/,https://reutersinstitute.politics.ox.ac.uk/digital-news-report/2026/united-states
united-states,United States,3,CNN online,14.0,https://datawrapper.dwcdn.net/xLiBC/2/,https://reutersinstitute.politics.ox.ac.uk/digital-news-report/2026/united-states
united-states,United States,4,Other local television news online,14.0,https://datawrapper.dwcdn.net/xLiBC/2/,https://reutersinstitute.politics.ox.ac.uk/digital-news-report/2026/united-states
united-states,United States,5,New York Times,13.0,https://datawrapper.dwcdn.net/xLiBC/2/,https://reutersinstitute.politics.ox.ac.uk/digital-news-report/2026/united-states
united-states,United States,6,ABC News online,9.0,https://datawrapper.dwcdn.net/xLiBC/2/,https://reutersinstitute.politics.ox.ac.uk/digital-news-report/2026/united-states
united-states,United States,7,BBC News online,9.0,https://datawrapper.dwcdn.net/xLiBC/2/,https://reutersinstitute.politics.ox.ac.uk/digital-news-report/2026/united-states
united-states,United States,8,Politico,9.0,https://datawrapper.dwcdn.net/xLiBC/2/,https://reutersinstitute.politics.ox.ac.uk/digital-news-report/2026/united-states
united-states,United States,9,CBS News online,8.0,https://datawrapper.dwcdn.net/xLiBC/2/,https://reutersinstitute.politics.ox.ac.uk/digital-news-report/2026/united-states
united-states,United States,10,MSN News,8.0,https://datawrapper.dwcdn.net/xLiBC/2/,https://reutersinstitute.politics.ox.ac.uk/digital-news-report/2026/united-states
united-states,United States,11,NBC News online,8.0,https://datawrapper.dwcdn.net/xLiBC/2/,https://reutersinstitute.politics.ox.ac.uk/digital-news-report/2026/united-states
united-states,United States,12,NPR News online,8.0,https://datawrapper.dwcdn.net/xLiBC/2/,https://reutersinstitute.politics.ox.ac.uk/digital-news-report/2026/united-states
united-states,United States,13,National news magazine online,8.0,https://datawrapper.dwcdn.net/xLiBC/2/,https://reutersinstitute.politics.ox.ac.uk/digital-news-report/2026/united-states
united-states,United States,14,Other regional or local newspaper online,8.0,https://datawrapper.dwcdn.net/xLiBC/2/,https://reutersinstitute.politics.ox.ac.uk/digital-news-report/2026/united-states
united-states,United States,15,Washington Post online,8.0,https://datawrapper.dwcdn.net/xLiBC/2/,https://reutersinstitute.politics.ox.ac.uk/digital-news-report/2026/united-states
united-states,United States,16,USA Today online,7.0,https://datawrapper.dwcdn.net/xLiBC/2/,https://reutersinstitute.politics.ox.ac.uk/digital-news-report/2026/united-states
argentina,Argentina,1,Infobae,38.0,https://datawrapper.dwcdn.net/zgtdG/5/,https://reutersinstitute.politics.ox.ac.uk/digital-news-report/2026/argentina
argentina,Argentina,2,TN online,35.0,https://datawrapper.dwcdn.net/zgtdG/5/,https://reutersinstitute.politics.ox.ac.uk/digital-news-report/2026/argentina
argentina,Argentina,3,La Nación online,23.0,https://datawrapper.dwcdn.net/zgtdG/5/,https://reutersinstitute.politics.ox.ac.uk/digital-news-report/2026/argentina
argentina,Argentina,4,Clarín online,20.0,https://datawrapper.dwcdn.net/zgtdG/5/,https://reutersinstitute.politics.ox.ac.uk/digital-news-report/2026/argentina
argentina,Argentina,5,A24 online,19.0,https://datawrapper.dwcdn.net/zgtdG/5/,https://reutersinstitute.politics.ox.ac.uk/digital-news-report/2026/argentina
argentina,Argentina,6,LUZU TV,13.0,https://datawrapper.dwcdn.net/zgtdG/5/,https://reutersinstitute.politics.ox.ac.uk/digital-news-report/2026/argentina
argentina,Argentina,7,Other regional or local newspaper website,13.0,https://datawrapper.dwcdn.net/zgtdG/5/,https://reutersinstitute.politics.ox.ac.uk/digital-news-report/2026/argentina
argentina,Argentina,8,TV Pública or Radio Nacional online,13.0,https://datawrapper.dwcdn.net/zgtdG/5/,https://reutersinstitute.politics.ox.ac.uk/digital-news-report/2026/argentina
argentina,Argentina,9,Olé,12.0,https://datawrapper.dwcdn.net/zgtdG/5/,https://reutersinstitute.politics.ox.ac.uk/digital-news-report/2026/argentina
argentina,Argentina,10,Minuto Uno,11.0,https://datawrapper.dwcdn.net/zgtdG/5/,https://reutersinstitute.politics.ox.ac.uk/digital-news-report/2026/argentina
argentina,Argentina,11,Cadena 3 online,10.0,https://datawrapper.dwcdn.net/zgtdG/5/,https://reutersinstitute.politics.ox.ac.uk/digital-news-report/2026/argentina
argentina,Argentina,12,Crónica News online,10.0,https://datawrapper.dwcdn.net/zgtdG/5/,https://reutersinstitute.politics.ox.ac.uk/digital-news-report/2026/argentina
argentina,Argentina,13,El Destape Web (Eldestapeweb.com),10.0,https://datawrapper.dwcdn.net/zgtdG/5/,https://reutersinstitute.politics.ox.ac.uk/digital-news-report/2026/argentina
argentina,Argentina,14,Página/12,10.0,https://datawrapper.dwcdn.net/zgtdG/5/,https://reutersinstitute.politics.ox.ac.uk/digital-news-report/2026/argentina
argentina,Argentina,15,CNN.com,9.0,https://datawrapper.dwcdn.net/zgtdG/5/,https://reutersinstitute.politics.ox.ac.uk/digital-news-report/2026/argentina
argentina,Argentina,16,La Voz,9.0,https://datawrapper.dwcdn.net/zgtdG/5/,https://reutersinstitute.politics.ox.ac.uk/digital-news-report/2026/argentina
brazil,Brazil,1,Globo News online (incl. G1),35.0,https://datawrapper.dwcdn.net/XL4j3/4/,https://reutersinstitute.politics.ox.ac.uk/digital-news-report/2026/brazil
brazil,Brazil,2,UOL online,31.0,https://datawrapper.dwcdn.net/XL4j3/4/,https://reutersinstitute.politics.ox.ac.uk/digital-news-report/2026/brazil
brazil,Brazil,3,Globo.com,27.0,https://datawrapper.dwcdn.net/XL4j3/4/,https://reutersinstitute.politics.ox.ac.uk/digital-news-report/2026/brazil
brazil,Brazil,4,O Globo online,23.0,https://datawrapper.dwcdn.net/XL4j3/4/,https://reutersinstitute.politics.ox.ac.uk/digital-news-report/2026/brazil
brazil,Brazil,5,Record News online (incl. R7.com),20.0,https://datawrapper.dwcdn.net/XL4j3/4/,https://reutersinstitute.politics.ox.ac.uk/digital-news-report/2026/brazil
brazil,Brazil,6,Metrópoles.com,17.0,https://datawrapper.dwcdn.net/XL4j3/4/,https://reutersinstitute.politics.ox.ac.uk/digital-news-report/2026/brazil
brazil,Brazil,7,CNN Brasil online,16.0,https://datawrapper.dwcdn.net/XL4j3/4/,https://reutersinstitute.politics.ox.ac.uk/digital-news-report/2026/brazil
brazil,Brazil,8,Band News online,12.0,https://datawrapper.dwcdn.net/XL4j3/4/,https://reutersinstitute.politics.ox.ac.uk/digital-news-report/2026/brazil
brazil,Brazil,9,Folha de S. Paulo online,11.0,https://datawrapper.dwcdn.net/XL4j3/4/,https://reutersinstitute.politics.ox.ac.uk/digital-news-report/2026/brazil
brazil,Brazil,10,Other regional or local newspaper online,11.0,https://datawrapper.dwcdn.net/XL4j3/4/,https://reutersinstitute.politics.ox.ac.uk/digital-news-report/2026/brazil
brazil,Brazil,11,Terra.com.br,11.0,https://datawrapper.dwcdn.net/XL4j3/4/,https://reutersinstitute.politics.ox.ac.uk/digital-news-report/2026/brazil
brazil,Brazil,12,Yahoo! News,11.0,https://datawrapper.dwcdn.net/XL4j3/4/,https://reutersinstitute.politics.ox.ac.uk/digital-news-report/2026/brazil
brazil,Brazil,13,Free city papers online,10.0,https://datawrapper.dwcdn.net/XL4j3/4/,https://reutersinstitute.politics.ox.ac.uk/digital-news-report/2026/brazil
brazil,Brazil,14,Jovem Pan News online,10.0,https://datawrapper.dwcdn.net/XL4j3/4/,https://reutersinstitute.politics.ox.ac.uk/digital-news-report/2026/brazil
brazil,Brazil,15,BBC News online,9.0,https://datawrapper.dwcdn.net/XL4j3/4/,https://reutersinstitute.politics.ox.ac.uk/digital-news-report/2026/brazil
brazil,Brazil,16,MSN News,9.0,https://datawrapper.dwcdn.net/XL4j3/4/,https://reutersinstitute.politics.ox.ac.uk/digital-news-report/2026/brazil
canada,Canada,1,TVA Nouvelles online,30.0,https://datawrapper.dwcdn.net/oIJmP/3/ https://datawrapper.dwcdn.net/xXWvA/4/,https://reutersinstitute.politics.ox.ac.uk/digital-news-report/2026/canada
canada,Canada,2,ICI Radio-Canada/ICI RDI online,28.0,https://datawrapper.dwcdn.net/oIJmP/3/ https://datawrapper.dwcdn.net/xXWvA/4/,https://reutersinstitute.politics.ox.ac.uk/digital-news-report/2026/canada
canada,Canada,3,La Presse,27.0,https://datawrapper.dwcdn.net/oIJmP/3/ https://datawrapper.dwcdn.net/xXWvA/4/,https://reutersinstitute.politics.ox.ac.uk/digital-news-report/2026/canada
canada,Canada,4,CBC News online,26.0,https://datawrapper.dwcdn.net/oIJmP/3/ https://datawrapper.dwcdn.net/xXWvA/4/,https://reutersinstitute.politics.ox.ac.uk/digital-news-report/2026/canada
canada,Canada,5,CTV News online,22.0,https://datawrapper.dwcdn.net/oIJmP/3/ https://datawrapper.dwcdn.net/xXWvA/4/,https://reutersinstitute.politics.ox.ac.uk/digital-news-report/2026/canada
canada,Canada,6,Journal de Montréal ou Québec online,22.0,https://datawrapper.dwcdn.net/oIJmP/3/ https://datawrapper.dwcdn.net/xXWvA/4/,https://reutersinstitute.politics.ox.ac.uk/digital-news-report/2026/canada
canada,Canada,7,BBC News online,17.0,https://datawrapper.dwcdn.net/oIJmP/3/ https://datawrapper.dwcdn.net/xXWvA/4/,https://reutersinstitute.politics.ox.ac.uk/digital-news-report/2026/canada
canada,Canada,8,CNN online,17.0,https://datawrapper.dwcdn.net/oIJmP/3/ https://datawrapper.dwcdn.net/xXWvA/4/,https://reutersinstitute.politics.ox.ac.uk/digital-news-report/2026/canada
canada,Canada,9,Global News online,15.0,https://datawrapper.dwcdn.net/oIJmP/3/ https://datawrapper.dwcdn.net/xXWvA/4/,https://reutersinstitute.politics.ox.ac.uk/digital-news-report/2026/canada
canada,Canada,10,Yahoo! News,13.0,https://datawrapper.dwcdn.net/oIJmP/3/ https://datawrapper.dwcdn.net/xXWvA/4/,https://reutersinstitute.politics.ox.ac.uk/digital-news-report/2026/canada
canada,Canada,11,Globe and Mail online,12.0,https://datawrapper.dwcdn.net/oIJmP/3/ https://datawrapper.dwcdn.net/xXWvA/4/,https://reutersinstitute.politics.ox.ac.uk/digital-news-report/2026/canada
canada,Canada,12,New York Times,12.0,https://datawrapper.dwcdn.net/oIJmP/3/ https://datawrapper.dwcdn.net/xXWvA/4/,https://reutersinstitute.politics.ox.ac.uk/digital-news-report/2026/canada
canada,Canada,13,L’actualité online,11.0,https://datawrapper.dwcdn.net/oIJmP/3/ https://datawrapper.dwcdn.net/xXWvA/4/,https://reutersinstitute.politics.ox.ac.uk/digital-news-report/2026/canada
canada,Canada,14,MSN News,11.0,https://datawrapper.dwcdn.net/oIJmP/3/ https://datawrapper.dwcdn.net/xXWvA/4/,https://reutersinstitute.politics.ox.ac.uk/digital-news-report/2026/canada
canada,Canada,15,CP24 online,10.0,https://datawrapper.dwcdn.net/oIJmP/3/ https://datawrapper.dwcdn.net/xXWvA/4/,https://reutersinstitute.politics.ox.ac.uk/digital-news-report/2026/canada
canada,Canada,16,Le Devoir online,10.0,https://datawrapper.dwcdn.net/oIJmP/3/ https://datawrapper.dwcdn.net/xXWvA/4/,https://reutersinstitute.politics.ox.ac.uk/digital-news-report/2026/canada
canada,Canada,17,BNN Bloomberg online,9.0,https://datawrapper.dwcdn.net/oIJmP/3/ https://datawrapper.dwcdn.net/xXWvA/4/,https://reutersinstitute.politics.ox.ac.uk/digital-news-report/2026/canada
canada,Canada,18,CityNews online,9.0,https://datawrapper.dwcdn.net/oIJmP/3/ https://datawrapper.dwcdn.net/xXWvA/4/,https://reutersinstitute.politics.ox.ac.uk/digital-news-report/2026/canada
canada,Canada,19,Local radio news online,9.0,https://datawrapper.dwcdn.net/oIJmP/3/ https://datawrapper.dwcdn.net/xXWvA/4/,https://reutersinstitute.politics.ox.ac.uk/digital-news-report/2026/canada
canada,Canada,20,Noovo info online,8.0,https://datawrapper.dwcdn.net/oIJmP/3/ https://datawrapper.dwcdn.net/xXWvA/4/,https://reutersinstitute.politics.ox.ac.uk/digital-news-report/2026/canada
canada,Canada,21,QUB Radio online,8.0,https://datawrapper.dwcdn.net/oIJmP/3/ https://datawrapper.dwcdn.net/xXWvA/4/,https://reutersinstitute.politics.ox.ac.uk/digital-news-report/2026/canada
canada,Canada,22,Narcity.com,7.0,https://datawrapper.dwcdn.net/oIJmP/3/ https://datawrapper.dwcdn.net/xXWvA/4/,https://reutersinstitute.politics.ox.ac.uk/digital-news-report/2026/canada
chile,Chile,1,Meganoticias (Mega) online,29.0,https://datawrapper.dwcdn.net/im1R0/4/,https://reutersinstitute.politics.ox.ac.uk/digital-news-report/2026/chile
chile,Chile,2,24 Horas (TVN) online,23.0,https://datawrapper.dwcdn.net/im1R0/4/,https://reutersinstitute.politics.ox.ac.uk/digital-news-report/2026/chile
chile,Chile,3,Bío Bío Chile online,22.0,https://datawrapper.dwcdn.net/im1R0/4/,https://reutersinstitute.politics.ox.ac.uk/digital-news-report/2026/chile
chile,Chile,4,Chilevisión News (CHV) online,21.0,https://datawrapper.dwcdn.net/im1R0/4/,https://reutersinstitute.politics.ox.ac.uk/digital-news-report/2026/chile
chile,Chile,5,La Tercera online,20.0,https://datawrapper.dwcdn.net/im1R0/4/,https://reutersinstitute.politics.ox.ac.uk/digital-news-report/2026/chile
chile,Chile,6,T13.cl,20.0,https://datawrapper.dwcdn.net/im1R0/4/,https://reutersinstitute.politics.ox.ac.uk/digital-news-report/2026/chile
chile,Chile,7,Emol.com,16.0,https://datawrapper.dwcdn.net/im1R0/4/,https://reutersinstitute.politics.ox.ac.uk/digital-news-report/2026/chile
chile,Chile,8,El Mercurio online,14.0,https://datawrapper.dwcdn.net/im1R0/4/,https://reutersinstitute.politics.ox.ac.uk/digital-news-report/2026/chile
chile,Chile,9,Lacuarta.com,14.0,https://datawrapper.dwcdn.net/im1R0/4/,https://reutersinstitute.politics.ox.ac.uk/digital-news-report/2026/chile
chile,Chile,10,Lun.com,14.0,https://datawrapper.dwcdn.net/im1R0/4/,https://reutersinstitute.politics.ox.ac.uk/digital-news-report/2026/chile
chile,Chile,11,Other regional or local newspaper online,12.0,https://datawrapper.dwcdn.net/im1R0/4/,https://reutersinstitute.politics.ox.ac.uk/digital-news-report/2026/chile
chile,Chile,12,Elmostrador.cl,11.0,https://datawrapper.dwcdn.net/im1R0/4/,https://reutersinstitute.politics.ox.ac.uk/digital-news-report/2026/chile
chile,Chile,13,Theclinic.cl,11.0,https://datawrapper.dwcdn.net/im1R0/4/,https://reutersinstitute.politics.ox.ac.uk/digital-news-report/2026/chile
chile,Chile,14,Radio Cooperativa online,10.0,https://datawrapper.dwcdn.net/im1R0/4/,https://reutersinstitute.politics.ox.ac.uk/digital-news-report/2026/chile
chile,Chile,15,Ciperchile.cl,9.0,https://datawrapper.dwcdn.net/im1R0/4/,https://reutersinstitute.politics.ox.ac.uk/digital-news-report/2026/chile
chile,Chile,16,City newspaper online,9.0,https://datawrapper.dwcdn.net/im1R0/4/,https://reutersinstitute.politics.ox.ac.uk/digital-news-report/2026/chile
colombia,Colombia,1,El Tiempo online,30.0,https://datawrapper.dwcdn.net/qLSK1/4/,https://reutersinstitute.politics.ox.ac.uk/digital-news-report/2026/colombia
colombia,Colombia,2,Noticias Caracol TV online,22.0,https://datawrapper.dwcdn.net/qLSK1/4/,https://reutersinstitute.politics.ox.ac.uk/digital-news-report/2026/colombia
colombia,Colombia,3,Semana online,20.0,https://datawrapper.dwcdn.net/qLSK1/4/,https://reutersinstitute.politics.ox.ac.uk/digital-news-report/2026/colombia
colombia,Colombia,4,Pulzo,19.0,https://datawrapper.dwcdn.net/qLSK1/4/,https://reutersinstitute.politics.ox.ac.uk/digital-news-report/2026/colombia
colombia,Colombia,5,Caracol Radio online,16.0,https://datawrapper.dwcdn.net/qLSK1/4/,https://reutersinstitute.politics.ox.ac.uk/digital-news-report/2026/colombia
colombia,Colombia,6,El Espectador online,16.0,https://datawrapper.dwcdn.net/qLSK1/4/,https://reutersinstitute.politics.ox.ac.uk/digital-news-report/2026/colombia
colombia,Colombia,7,Blu Radio online,15.0,https://datawrapper.dwcdn.net/qLSK1/4/,https://reutersinstitute.politics.ox.ac.uk/digital-news-report/2026/colombia
colombia,Colombia,8,CityTv online,14.0,https://datawrapper.dwcdn.net/qLSK1/4/,https://reutersinstitute.politics.ox.ac.uk/digital-news-report/2026/colombia
colombia,Colombia,9,Noticias RCN TV online,14.0,https://datawrapper.dwcdn.net/qLSK1/4/,https://reutersinstitute.politics.ox.ac.uk/digital-news-report/2026/colombia
colombia,Colombia,10,Infobae.com,13.0,https://datawrapper.dwcdn.net/qLSK1/4/,https://reutersinstitute.politics.ox.ac.uk/digital-news-report/2026/colombia
colombia,Colombia,11,CNN.com,12.0,https://datawrapper.dwcdn.net/qLSK1/4/,https://reutersinstitute.politics.ox.ac.uk/digital-news-report/2026/colombia
colombia,Colombia,12,El País online,12.0,https://datawrapper.dwcdn.net/qLSK1/4/,https://reutersinstitute.politics.ox.ac.uk/digital-news-report/2026/colombia
colombia,Colombia,13,La Silla Vacía,12.0,https://datawrapper.dwcdn.net/qLSK1/4/,https://reutersinstitute.politics.ox.ac.uk/digital-news-report/2026/colombia
colombia,Colombia,14,Las2Orillas,12.0,https://datawrapper.dwcdn.net/qLSK1/4/,https://reutersinstitute.politics.ox.ac.uk/digital-news-report/2026/colombia
colombia,Colombia,15,RCN Radio online,12.0,https://datawrapper.dwcdn.net/qLSK1/4/,https://reutersinstitute.politics.ox.ac.uk/digital-news-report/2026/colombia
colombia,Colombia,16,SeñalColombia.TV,11.0,https://datawrapper.dwcdn.net/qLSK1/4/,https://reutersinstitute.politics.ox.ac.uk/digital-news-report/2026/colombia
mexico,Mexico,1,El Universal online,20.0,https://datawrapper.dwcdn.net/CsUZI/3/,https://reutersinstitute.politics.ox.ac.uk/digital-news-report/2026/mexico
mexico,Mexico,2,Milenio News online,20.0,https://datawrapper.dwcdn.net/CsUZI/3/,https://reutersinstitute.politics.ox.ac.uk/digital-news-report/2026/mexico
mexico,Mexico,3,UnoTV News online,18.0,https://datawrapper.dwcdn.net/CsUZI/3/,https://reutersinstitute.politics.ox.ac.uk/digital-news-report/2026/mexico
mexico,Mexico,4,N+ online,17.0,https://datawrapper.dwcdn.net/CsUZI/3/,https://reutersinstitute.politics.ox.ac.uk/digital-news-report/2026/mexico
mexico,Mexico,5,TV Azteca News online,16.0,https://datawrapper.dwcdn.net/CsUZI/3/,https://reutersinstitute.politics.ox.ac.uk/digital-news-report/2026/mexico
mexico,Mexico,6,Aristegui Noticias,15.0,https://datawrapper.dwcdn.net/CsUZI/3/,https://reutersinstitute.politics.ox.ac.uk/digital-news-report/2026/mexico
mexico,Mexico,7,Imagen News online,15.0,https://datawrapper.dwcdn.net/CsUZI/3/,https://reutersinstitute.politics.ox.ac.uk/digital-news-report/2026/mexico
mexico,Mexico,8,Latinus,15.0,https://datawrapper.dwcdn.net/CsUZI/3/,https://reutersinstitute.politics.ox.ac.uk/digital-news-report/2026/mexico
mexico,Mexico,9,CNN en Español online,14.0,https://datawrapper.dwcdn.net/CsUZI/3/,https://reutersinstitute.politics.ox.ac.uk/digital-news-report/2026/mexico
mexico,Mexico,10,El Heraldo de México online,11.0,https://datawrapper.dwcdn.net/CsUZI/3/,https://reutersinstitute.politics.ox.ac.uk/digital-news-report/2026/mexico
mexico,Mexico,11,La Jornada online,11.0,https://datawrapper.dwcdn.net/CsUZI/3/,https://reutersinstitute.politics.ox.ac.uk/digital-news-report/2026/mexico
mexico,Mexico,12,Radio Fórmula News online,11.0,https://datawrapper.dwcdn.net/CsUZI/3/,https://reutersinstitute.politics.ox.ac.uk/digital-news-report/2026/mexico
mexico,Mexico,13,Reforma online,11.0,https://datawrapper.dwcdn.net/CsUZI/3/,https://reutersinstitute.politics.ox.ac.uk/digital-news-report/2026/mexico
mexico,Mexico,14,Animal Político,10.0,https://datawrapper.dwcdn.net/CsUZI/3/,https://reutersinstitute.politics.ox.ac.uk/digital-news-report/2026/mexico
mexico,Mexico,15,Other local television news sites online,10.0,https://datawrapper.dwcdn.net/CsUZI/3/,https://reutersinstitute.politics.ox.ac.uk/digital-news-report/2026/mexico
mexico,Mexico,16,Other regional or local newspaper online,10.0,https://datawrapper.dwcdn.net/CsUZI/3/,https://reutersinstitute.politics.ox.ac.uk/digital-news-report/2026/mexico
peru,Peru,1,Latina News online,26.0,https://datawrapper.dwcdn.net/fwfPX/2/,https://reutersinstitute.politics.ox.ac.uk/digital-news-report/2026/peru
peru,Peru,2,RPP News online,24.0,https://datawrapper.dwcdn.net/fwfPX/2/,https://reutersinstitute.politics.ox.ac.uk/digital-news-report/2026/peru
peru,Peru,3,El Comercio online,23.0,https://datawrapper.dwcdn.net/fwfPX/2/,https://reutersinstitute.politics.ox.ac.uk/digital-news-report/2026/peru
peru,Peru,4,La República online,23.0,https://datawrapper.dwcdn.net/fwfPX/2/,https://reutersinstitute.politics.ox.ac.uk/digital-news-report/2026/peru
peru,Peru,5,America Noticias online,22.0,https://datawrapper.dwcdn.net/fwfPX/2/,https://reutersinstitute.politics.ox.ac.uk/digital-news-report/2026/peru
peru,Peru,6,Infobae.com,21.0,https://datawrapper.dwcdn.net/fwfPX/2/,https://reutersinstitute.politics.ox.ac.uk/digital-news-report/2026/peru
peru,Peru,7,Perú21 online,17.0,https://datawrapper.dwcdn.net/fwfPX/2/,https://reutersinstitute.politics.ox.ac.uk/digital-news-report/2026/peru
peru,Peru,8,ATV News online,16.0,https://datawrapper.dwcdn.net/fwfPX/2/,https://reutersinstitute.politics.ox.ac.uk/digital-news-report/2026/peru
peru,Peru,9,Exitosa News online,15.0,https://datawrapper.dwcdn.net/fwfPX/2/,https://reutersinstitute.politics.ox.ac.uk/digital-news-report/2026/peru
peru,Peru,10,La Encerrona,14.0,https://datawrapper.dwcdn.net/fwfPX/2/,https://reutersinstitute.politics.ox.ac.uk/digital-news-report/2026/peru
peru,Peru,11,Ojo Público online,14.0,https://datawrapper.dwcdn.net/fwfPX/2/,https://reutersinstitute.politics.ox.ac.uk/digital-news-report/2026/peru
peru,Peru,12,TV Perú online,14.0,https://datawrapper.dwcdn.net/fwfPX/2/,https://reutersinstitute.politics.ox.ac.uk/digital-news-report/2026/peru
peru,Peru,13,Trome online,13.0,https://datawrapper.dwcdn.net/fwfPX/2/,https://reutersinstitute.politics.ox.ac.uk/digital-news-report/2026/peru
peru,Peru,14,CNN en Español online,12.0,https://datawrapper.dwcdn.net/fwfPX/2/,https://reutersinstitute.politics.ox.ac.uk/digital-news-report/2026/peru
peru,Peru,15,Hildebrandt en sus trece online,12.0,https://datawrapper.dwcdn.net/fwfPX/2/,https://reutersinstitute.politics.ox.ac.uk/digital-news-report/2026/peru
peru,Peru,16,Canal N online,11.0,https://datawrapper.dwcdn.net/fwfPX/2/,https://reutersinstitute.politics.ox.ac.uk/digital-news-report/2026/peru
austria,Austria,1,ORF News online,31.0,https://datawrapper.dwcdn.net/c03IS/4/,https://reutersinstitute.politics.ox.ac.uk/digital-news-report/2026/austria
austria,Austria,2,Kronen Zeitung online,24.0,https://datawrapper.dwcdn.net/c03IS/4/,https://reutersinstitute.politics.ox.ac.uk/digital-news-report/2026/austria
austria,Austria,3,Der Standard online,17.0,https://datawrapper.dwcdn.net/c03IS/4/,https://reutersinstitute.politics.ox.ac.uk/digital-news-report/2026/austria
austria,Austria,4,Heute online,15.0,https://datawrapper.dwcdn.net/c03IS/4/,https://reutersinstitute.politics.ox.ac.uk/digital-news-report/2026/austria
austria,Austria,5,meinbezirk.at/woche.at/bezirksrundschau.at,13.0,https://datawrapper.dwcdn.net/c03IS/4/,https://reutersinstitute.politics.ox.ac.uk/digital-news-report/2026/austria
austria,Austria,6,"oe24.at (österreich.at, sport.oe24.at, buzz.oe24.at)",13.0,https://datawrapper.dwcdn.net/c03IS/4/,https://reutersinstitute.politics.ox.ac.uk/digital-news-report/2026/austria
austria,Austria,7,GMX,12.0,https://datawrapper.dwcdn.net/c03IS/4/,https://reutersinstitute.politics.ox.ac.uk/digital-news-report/2026/austria
austria,Austria,8,Kleine Zeitung online,11.0,https://datawrapper.dwcdn.net/c03IS/4/,https://reutersinstitute.politics.ox.ac.uk/digital-news-report/2026/austria
austria,Austria,9,Kurier online,11.0,https://datawrapper.dwcdn.net/c03IS/4/,https://reutersinstitute.politics.ox.ac.uk/digital-news-report/2026/austria
austria,Austria,10,Die Presse online,9.0,https://datawrapper.dwcdn.net/c03IS/4/,https://reutersinstitute.politics.ox.ac.uk/digital-news-report/2026/austria
austria,Austria,11,KroneHit online,8.0,https://datawrapper.dwcdn.net/c03IS/4/,https://reutersinstitute.politics.ox.ac.uk/digital-news-report/2026/austria
austria,Austria,12,Puls 24 online,8.0,https://datawrapper.dwcdn.net/c03IS/4/,https://reutersinstitute.politics.ox.ac.uk/digital-news-report/2026/austria
austria,Austria,13,BBC News online,7.0,https://datawrapper.dwcdn.net/c03IS/4/,https://reutersinstitute.politics.ox.ac.uk/digital-news-report/2026/austria
austria,Austria,14,CNN online,7.0,https://datawrapper.dwcdn.net/c03IS/4/,https://reutersinstitute.politics.ox.ac.uk/digital-news-report/2026/austria
austria,Austria,15,NEWS online,6.0,https://datawrapper.dwcdn.net/c03IS/4/,https://reutersinstitute.politics.ox.ac.uk/digital-news-report/2026/austria
austria,Austria,16,OÖ Nachrichten online,6.0,https://datawrapper.dwcdn.net/c03IS/4/,https://reutersinstitute.politics.ox.ac.uk/digital-news-report/2026/austria
belgium,Belgium,1,Het Laatste Nieuws online,45.0,https://datawrapper.dwcdn.net/OdW8g/3/ https://datawrapper.dwcdn.net/9Nfz9/2/,https://reutersinstitute.politics.ox.ac.uk/digital-news-report/2026/belgium
belgium,Belgium,2,VRT NWS online,40.0,https://datawrapper.dwcdn.net/OdW8g/3/ https://datawrapper.dwcdn.net/9Nfz9/2/,https://reutersinstitute.politics.ox.ac.uk/digital-news-report/2026/belgium
belgium,Belgium,3,RTL Info,30.0,https://datawrapper.dwcdn.net/OdW8g/3/ https://datawrapper.dwcdn.net/9Nfz9/2/,https://reutersinstitute.politics.ox.ac.uk/digital-news-report/2026/belgium
belgium,Belgium,4,RTBF News online,28.0,https://datawrapper.dwcdn.net/OdW8g/3/ https://datawrapper.dwcdn.net/9Nfz9/2/,https://reutersinstitute.politics.ox.ac.uk/digital-news-report/2026/belgium
belgium,Belgium,5,Le Soir online,26.0,https://datawrapper.dwcdn.net/OdW8g/3/ https://datawrapper.dwcdn.net/9Nfz9/2/,https://reutersinstitute.politics.ox.ac.uk/digital-news-report/2026/belgium
belgium,Belgium,6,Het Nieuwsblad (nieuwsblad.be),21.0,https://datawrapper.dwcdn.net/OdW8g/3/ https://datawrapper.dwcdn.net/9Nfz9/2/,https://reutersinstitute.politics.ox.ac.uk/digital-news-report/2026/belgium
belgium,Belgium,7,7sur7,16.0,https://datawrapper.dwcdn.net/OdW8g/3/ https://datawrapper.dwcdn.net/9Nfz9/2/,https://reutersinstitute.politics.ox.ac.uk/digital-news-report/2026/belgium
belgium,Belgium,8,L'Avenir online,14.0,https://datawrapper.dwcdn.net/OdW8g/3/ https://datawrapper.dwcdn.net/9Nfz9/2/,https://reutersinstitute.politics.ox.ac.uk/digital-news-report/2026/belgium
belgium,Belgium,9,Other regional or local news online,12.0,https://datawrapper.dwcdn.net/OdW8g/3/ https://datawrapper.dwcdn.net/9Nfz9/2/,https://reutersinstitute.politics.ox.ac.uk/digital-news-report/2026/belgium
belgium,Belgium,10,DH Les Sports+ online,11.0,https://datawrapper.dwcdn.net/OdW8g/3/ https://datawrapper.dwcdn.net/9Nfz9/2/,https://reutersinstitute.politics.ox.ac.uk/digital-news-report/2026/belgium
belgium,Belgium,11,La Libre online,11.0,https://datawrapper.dwcdn.net/OdW8g/3/ https://datawrapper.dwcdn.net/9Nfz9/2/,https://reutersinstitute.politics.ox.ac.uk/digital-news-report/2026/belgium
belgium,Belgium,12,Gazet van Antwerpen online,9.0,https://datawrapper.dwcdn.net/OdW8g/3/ https://datawrapper.dwcdn.net/9Nfz9/2/,https://reutersinstitute.politics.ox.ac.uk/digital-news-report/2026/belgium
belgium,Belgium,13,MSN News,9.0,https://datawrapper.dwcdn.net/OdW8g/3/ https://datawrapper.dwcdn.net/9Nfz9/2/,https://reutersinstitute.politics.ox.ac.uk/digital-news-report/2026/belgium
belgium,Belgium,14,De Morgen online,8.0,https://datawrapper.dwcdn.net/OdW8g/3/ https://datawrapper.dwcdn.net/9Nfz9/2/,https://reutersinstitute.politics.ox.ac.uk/digital-news-report/2026/belgium
belgium,Belgium,15,De Standaard online,8.0,https://datawrapper.dwcdn.net/OdW8g/3/ https://datawrapper.dwcdn.net/9Nfz9/2/,https://reutersinstitute.politics.ox.ac.uk/digital-news-report/2026/belgium
belgium,Belgium,16,Het Belang van Limburg onine,8.0,https://datawrapper.dwcdn.net/OdW8g/3/ https://datawrapper.dwcdn.net/9Nfz9/2/,https://reutersinstitute.politics.ox.ac.uk/digital-news-report/2026/belgium
belgium,Belgium,17,NWS online,8.0,https://datawrapper.dwcdn.net/OdW8g/3/ https://datawrapper.dwcdn.net/9Nfz9/2/,https://reutersinstitute.politics.ox.ac.uk/digital-news-report/2026/belgium
belgium,Belgium,18,L'Echo online,7.0,https://datawrapper.dwcdn.net/OdW8g/3/ https://datawrapper.dwcdn.net/9Nfz9/2/,https://reutersinstitute.politics.ox.ac.uk/digital-news-report/2026/belgium
belgium,Belgium,19,De Tijd online,6.0,https://datawrapper.dwcdn.net/OdW8g/3/ https://datawrapper.dwcdn.net/9Nfz9/2/,https://reutersinstitute.politics.ox.ac.uk/digital-news-report/2026/belgium
belgium,Belgium,20,Euronews,6.0,https://datawrapper.dwcdn.net/OdW8g/3/ https://datawrapper.dwcdn.net/9Nfz9/2/,https://reutersinstitute.politics.ox.ac.uk/digital-news-report/2026/belgium
belgium,Belgium,21,Yahoo! News,6.0,https://datawrapper.dwcdn.net/OdW8g/3/ https://datawrapper.dwcdn.net/9Nfz9/2/,https://reutersinstitute.politics.ox.ac.uk/digital-news-report/2026/belgium
belgium,Belgium,22,BBC News online,3.0,https://datawrapper.dwcdn.net/OdW8g/3/ https://datawrapper.dwcdn.net/9Nfz9/2/,https://reutersinstitute.politics.ox.ac.uk/digital-news-report/2026/belgium
belgium,Belgium,23,Bruzz.be,3.0,https://datawrapper.dwcdn.net/OdW8g/3/ https://datawrapper.dwcdn.net/9Nfz9/2/,https://reutersinstitute.politics.ox.ac.uk/digital-news-report/2026/belgium
bulgaria,Bulgaria,1,Nova TV News online,41.0,https://datawrapper.dwcdn.net/rjN7n/4/,https://reutersinstitute.politics.ox.ac.uk/digital-news-report/2026/bulgaria
bulgaria,Bulgaria,2,BTV News online,37.0,https://datawrapper.dwcdn.net/rjN7n/4/,https://reutersinstitute.politics.ox.ac.uk/digital-news-report/2026/bulgaria
bulgaria,Bulgaria,3,ABV News online,27.0,https://datawrapper.dwcdn.net/rjN7n/4/,https://reutersinstitute.politics.ox.ac.uk/digital-news-report/2026/bulgaria
bulgaria,Bulgaria,4,novini.bg,27.0,https://datawrapper.dwcdn.net/rjN7n/4/,https://reutersinstitute.politics.ox.ac.uk/digital-news-report/2026/bulgaria
bulgaria,Bulgaria,5,24 Chasa online,26.0,https://datawrapper.dwcdn.net/rjN7n/4/,https://reutersinstitute.politics.ox.ac.uk/digital-news-report/2026/bulgaria
bulgaria,Bulgaria,6,BNT News online,22.0,https://datawrapper.dwcdn.net/rjN7n/4/,https://reutersinstitute.politics.ox.ac.uk/digital-news-report/2026/bulgaria
bulgaria,Bulgaria,7,Petel.bg,17.0,https://datawrapper.dwcdn.net/rjN7n/4/,https://reutersinstitute.politics.ox.ac.uk/digital-news-report/2026/bulgaria
bulgaria,Bulgaria,8,dnes.bg,17.0,https://datawrapper.dwcdn.net/rjN7n/4/,https://reutersinstitute.politics.ox.ac.uk/digital-news-report/2026/bulgaria
bulgaria,Bulgaria,9,dir.bg,16.0,https://datawrapper.dwcdn.net/rjN7n/4/,https://reutersinstitute.politics.ox.ac.uk/digital-news-report/2026/bulgaria
bulgaria,Bulgaria,10,Blitz.bg,14.0,https://datawrapper.dwcdn.net/rjN7n/4/,https://reutersinstitute.politics.ox.ac.uk/digital-news-report/2026/bulgaria
bulgaria,Bulgaria,11,Dnevnik online,14.0,https://datawrapper.dwcdn.net/rjN7n/4/,https://reutersinstitute.politics.ox.ac.uk/digital-news-report/2026/bulgaria
bulgaria,Bulgaria,12,Other regional or local newspaper online,14.0,https://datawrapper.dwcdn.net/rjN7n/4/,https://reutersinstitute.politics.ox.ac.uk/digital-news-report/2026/bulgaria
bulgaria,Bulgaria,13,BNR News online,12.0,https://datawrapper.dwcdn.net/rjN7n/4/,https://reutersinstitute.politics.ox.ac.uk/digital-news-report/2026/bulgaria
bulgaria,Bulgaria,14,Capital online,11.0,https://datawrapper.dwcdn.net/rjN7n/4/,https://reutersinstitute.politics.ox.ac.uk/digital-news-report/2026/bulgaria
bulgaria,Bulgaria,15,Darik,11.0,https://datawrapper.dwcdn.net/rjN7n/4/,https://reutersinstitute.politics.ox.ac.uk/digital-news-report/2026/bulgaria
bulgaria,Bulgaria,16,Trud online,11.0,https://datawrapper.dwcdn.net/rjN7n/4/,https://reutersinstitute.politics.ox.ac.uk/digital-news-report/2026/bulgaria
croatia,Croatia,1,Index.hr,49.0,https://datawrapper.dwcdn.net/HMWf7/3/,https://reutersinstitute.politics.ox.ac.uk/digital-news-report/2026/croatia
croatia,Croatia,2,24sata online,42.0,https://datawrapper.dwcdn.net/HMWf7/3/,https://reutersinstitute.politics.ox.ac.uk/digital-news-report/2026/croatia
croatia,Croatia,3,Dnevnik online,35.0,https://datawrapper.dwcdn.net/HMWf7/3/,https://reutersinstitute.politics.ox.ac.uk/digital-news-report/2026/croatia
croatia,Croatia,4,Jutarnji online,33.0,https://datawrapper.dwcdn.net/HMWf7/3/,https://reutersinstitute.politics.ox.ac.uk/digital-news-report/2026/croatia
croatia,Croatia,5,Net.hr,28.0,https://datawrapper.dwcdn.net/HMWf7/3/,https://reutersinstitute.politics.ox.ac.uk/digital-news-report/2026/croatia
croatia,Croatia,6,Tportal.hr,27.0,https://datawrapper.dwcdn.net/HMWf7/3/,https://reutersinstitute.politics.ox.ac.uk/digital-news-report/2026/croatia
croatia,Croatia,7,Večernji online,26.0,https://datawrapper.dwcdn.net/HMWf7/3/,https://reutersinstitute.politics.ox.ac.uk/digital-news-report/2026/croatia
croatia,Croatia,8,HRT News online (incl. HRTi) (public broadcaster),25.0,https://datawrapper.dwcdn.net/HMWf7/3/,https://reutersinstitute.politics.ox.ac.uk/digital-news-report/2026/croatia
croatia,Croatia,9,Dnevno.hr,20.0,https://datawrapper.dwcdn.net/HMWf7/3/,https://reutersinstitute.politics.ox.ac.uk/digital-news-report/2026/croatia
croatia,Croatia,10,RTL News online,18.0,https://datawrapper.dwcdn.net/HMWf7/3/,https://reutersinstitute.politics.ox.ac.uk/digital-news-report/2026/croatia
croatia,Croatia,11,Other local radio news online,15.0,https://datawrapper.dwcdn.net/HMWf7/3/,https://reutersinstitute.politics.ox.ac.uk/digital-news-report/2026/croatia
croatia,Croatia,12,Telegram.hr,15.0,https://datawrapper.dwcdn.net/HMWf7/3/,https://reutersinstitute.politics.ox.ac.uk/digital-news-report/2026/croatia
croatia,Croatia,13,Slobodna Dalmacija online,14.0,https://datawrapper.dwcdn.net/HMWf7/3/,https://reutersinstitute.politics.ox.ac.uk/digital-news-report/2026/croatia
croatia,Croatia,14,Direktno.hr,11.0,https://datawrapper.dwcdn.net/HMWf7/3/,https://reutersinstitute.politics.ox.ac.uk/digital-news-report/2026/croatia
croatia,Croatia,15,Express.24sata.hr,9.0,https://datawrapper.dwcdn.net/HMWf7/3/,https://reutersinstitute.politics.ox.ac.uk/digital-news-report/2026/croatia
croatia,Croatia,16,N1 online,8.0,https://datawrapper.dwcdn.net/HMWf7/3/,https://reutersinstitute.politics.ox.ac.uk/digital-news-report/2026/croatia
czech-republic,Czechia,1,Seznam Zpravy,49.0,https://datawrapper.dwcdn.net/RIMf8/3/,https://reutersinstitute.politics.ox.ac.uk/digital-news-report/2026/czech-republic
czech-republic,Czechia,2,iDnes.cz,35.0,https://datawrapper.dwcdn.net/RIMf8/3/,https://reutersinstitute.politics.ox.ac.uk/digital-news-report/2026/czech-republic
czech-republic,Czechia,3,Novinky.cz,34.0,https://datawrapper.dwcdn.net/RIMf8/3/,https://reutersinstitute.politics.ox.ac.uk/digital-news-report/2026/czech-republic
czech-republic,Czechia,4,Aktualne.cz,25.0,https://datawrapper.dwcdn.net/RIMf8/3/,https://reutersinstitute.politics.ox.ac.uk/digital-news-report/2026/czech-republic
czech-republic,Czechia,5,CNN.iprima.cz,21.0,https://datawrapper.dwcdn.net/RIMf8/3/,https://reutersinstitute.politics.ox.ac.uk/digital-news-report/2026/czech-republic
czech-republic,Czechia,6,Czech TV News online (Ct24.cz),19.0,https://datawrapper.dwcdn.net/RIMf8/3/,https://reutersinstitute.politics.ox.ac.uk/digital-news-report/2026/czech-republic
czech-republic,Czechia,7,TN.cz,18.0,https://datawrapper.dwcdn.net/RIMf8/3/,https://reutersinstitute.politics.ox.ac.uk/digital-news-report/2026/czech-republic
czech-republic,Czechia,8,Denik.cz,15.0,https://datawrapper.dwcdn.net/RIMf8/3/,https://reutersinstitute.politics.ox.ac.uk/digital-news-report/2026/czech-republic
czech-republic,Czechia,9,Blesk.cz,12.0,https://datawrapper.dwcdn.net/RIMf8/3/,https://reutersinstitute.politics.ox.ac.uk/digital-news-report/2026/czech-republic
czech-republic,Czechia,10,iRozhlas.cz,11.0,https://datawrapper.dwcdn.net/RIMf8/3/,https://reutersinstitute.politics.ox.ac.uk/digital-news-report/2026/czech-republic
czech-republic,Czechia,11,DenikN.cz,10.0,https://datawrapper.dwcdn.net/RIMf8/3/,https://reutersinstitute.politics.ox.ac.uk/digital-news-report/2026/czech-republic
czech-republic,Czechia,12,Super.cz,9.0,https://datawrapper.dwcdn.net/RIMf8/3/,https://reutersinstitute.politics.ox.ac.uk/digital-news-report/2026/czech-republic
czech-republic,Czechia,13,Extra.cz,8.0,https://datawrapper.dwcdn.net/RIMf8/3/,https://reutersinstitute.politics.ox.ac.uk/digital-news-report/2026/czech-republic
czech-republic,Czechia,14,Parlamentnilisty.cz,8.0,https://datawrapper.dwcdn.net/RIMf8/3/,https://reutersinstitute.politics.ox.ac.uk/digital-news-report/2026/czech-republic
czech-republic,Czechia,15,Forum24.cz,7.0,https://datawrapper.dwcdn.net/RIMf8/3/,https://reutersinstitute.politics.ox.ac.uk/digital-news-report/2026/czech-republic
czech-republic,Czechia,16,Lidovky.cz,7.0,https://datawrapper.dwcdn.net/RIMf8/3/,https://reutersinstitute.politics.ox.ac.uk/digital-news-report/2026/czech-republic
denmark,Denmark,1,DR News online,47.0,https://datawrapper.dwcdn.net/grRby/4/,https://reutersinstitute.politics.ox.ac.uk/digital-news-report/2026/denmark
denmark,Denmark,2,TV2 News online,45.0,https://datawrapper.dwcdn.net/grRby/4/,https://reutersinstitute.politics.ox.ac.uk/digital-news-report/2026/denmark
denmark,Denmark,3,Ekstra Bladet online,27.0,https://datawrapper.dwcdn.net/grRby/4/,https://reutersinstitute.politics.ox.ac.uk/digital-news-report/2026/denmark
denmark,Denmark,4,BT online,23.0,https://datawrapper.dwcdn.net/grRby/4/,https://reutersinstitute.politics.ox.ac.uk/digital-news-report/2026/denmark
denmark,Denmark,5,Regional TV2 news stations online,18.0,https://datawrapper.dwcdn.net/grRby/4/,https://reutersinstitute.politics.ox.ac.uk/digital-news-report/2026/denmark
denmark,Denmark,6,Free local weekly newspaper online,10.0,https://datawrapper.dwcdn.net/grRby/4/,https://reutersinstitute.politics.ox.ac.uk/digital-news-report/2026/denmark
denmark,Denmark,7,Other regional or local newspaper online,10.0,https://datawrapper.dwcdn.net/grRby/4/,https://reutersinstitute.politics.ox.ac.uk/digital-news-report/2026/denmark
denmark,Denmark,8,Politiken online,10.0,https://datawrapper.dwcdn.net/grRby/4/,https://reutersinstitute.politics.ox.ac.uk/digital-news-report/2026/denmark
denmark,Denmark,9,Berlingske online,9.0,https://datawrapper.dwcdn.net/grRby/4/,https://reutersinstitute.politics.ox.ac.uk/digital-news-report/2026/denmark
denmark,Denmark,10,Jyllands-Posten online,9.0,https://datawrapper.dwcdn.net/grRby/4/,https://reutersinstitute.politics.ox.ac.uk/digital-news-report/2026/denmark
denmark,Denmark,11,BBC News online,5.0,https://datawrapper.dwcdn.net/grRby/4/,https://reutersinstitute.politics.ox.ac.uk/digital-news-report/2026/denmark
denmark,Denmark,12,Børsen online,5.0,https://datawrapper.dwcdn.net/grRby/4/,https://reutersinstitute.politics.ox.ac.uk/digital-news-report/2026/denmark
denmark,Denmark,13,Dagens online,5.0,https://datawrapper.dwcdn.net/grRby/4/,https://reutersinstitute.politics.ox.ac.uk/digital-news-report/2026/denmark
denmark,Denmark,14,Avisen online,4.0,https://datawrapper.dwcdn.net/grRby/4/,https://reutersinstitute.politics.ox.ac.uk/digital-news-report/2026/denmark
denmark,Denmark,15,Information online,4.0,https://datawrapper.dwcdn.net/grRby/4/,https://reutersinstitute.politics.ox.ac.uk/digital-news-report/2026/denmark
denmark,Denmark,16,Zetland,4.0,https://datawrapper.dwcdn.net/grRby/4/,https://reutersinstitute.politics.ox.ac.uk/digital-news-report/2026/denmark
finland,Finland,1,Ilta-Sanomat online,58.0,https://datawrapper.dwcdn.net/SCXsL/3/,https://reutersinstitute.politics.ox.ac.uk/digital-news-report/2026/finland
finland,Finland,2,Iltalehti online,53.0,https://datawrapper.dwcdn.net/SCXsL/3/,https://reutersinstitute.politics.ox.ac.uk/digital-news-report/2026/finland
finland,Finland,3,Yle News online (incl. news via Areena),43.0,https://datawrapper.dwcdn.net/SCXsL/3/,https://reutersinstitute.politics.ox.ac.uk/digital-news-report/2026/finland
finland,Finland,4,MTV News online (incl. Katsomo News),28.0,https://datawrapper.dwcdn.net/SCXsL/3/,https://reutersinstitute.politics.ox.ac.uk/digital-news-report/2026/finland
finland,Finland,5,Helsingin Sanomat online,27.0,https://datawrapper.dwcdn.net/SCXsL/3/,https://reutersinstitute.politics.ox.ac.uk/digital-news-report/2026/finland
finland,Finland,6,Other regional newspapers online,15.0,https://datawrapper.dwcdn.net/SCXsL/3/,https://reutersinstitute.politics.ox.ac.uk/digital-news-report/2026/finland
finland,Finland,7,Other local newspapers online,13.0,https://datawrapper.dwcdn.net/SCXsL/3/,https://reutersinstitute.politics.ox.ac.uk/digital-news-report/2026/finland
finland,Finland,8,Free city papers online,11.0,https://datawrapper.dwcdn.net/SCXsL/3/,https://reutersinstitute.politics.ox.ac.uk/digital-news-report/2026/finland
finland,Finland,9,Kauppalehti online,9.0,https://datawrapper.dwcdn.net/SCXsL/3/,https://reutersinstitute.politics.ox.ac.uk/digital-news-report/2026/finland
finland,Finland,10,Commercial radio news online,7.0,https://datawrapper.dwcdn.net/SCXsL/3/,https://reutersinstitute.politics.ox.ac.uk/digital-news-report/2026/finland
finland,Finland,11,MSN News,7.0,https://datawrapper.dwcdn.net/SCXsL/3/,https://reutersinstitute.politics.ox.ac.uk/digital-news-report/2026/finland
finland,Finland,12,Talouselämä online,7.0,https://datawrapper.dwcdn.net/SCXsL/3/,https://reutersinstitute.politics.ox.ac.uk/digital-news-report/2026/finland
finland,Finland,13,Uusi Suomi online,7.0,https://datawrapper.dwcdn.net/SCXsL/3/,https://reutersinstitute.politics.ox.ac.uk/digital-news-report/2026/finland
finland,Finland,14,BBC News online,6.0,https://datawrapper.dwcdn.net/SCXsL/3/,https://reutersinstitute.politics.ox.ac.uk/digital-news-report/2026/finland
finland,Finland,15,Other TV news from outside Finland online,6.0,https://datawrapper.dwcdn.net/SCXsL/3/,https://reutersinstitute.politics.ox.ac.uk/digital-news-report/2026/finland
finland,Finland,16,Counter-media online (like Uusi MV-Lehti or Kansalainen),5.0,https://datawrapper.dwcdn.net/SCXsL/3/,https://reutersinstitute.politics.ox.ac.uk/digital-news-report/2026/finland
france,France,1,Other regional or local newspaper online,16.0,https://datawrapper.dwcdn.net/HpYNV/3/,https://reutersinstitute.politics.ox.ac.uk/digital-news-report/2026/france
france,France,2,20 minutes online,14.0,https://datawrapper.dwcdn.net/HpYNV/3/,https://reutersinstitute.politics.ox.ac.uk/digital-news-report/2026/france
france,France,3,Brut,12.0,https://datawrapper.dwcdn.net/HpYNV/3/,https://reutersinstitute.politics.ox.ac.uk/digital-news-report/2026/france
france,France,4,Le Monde online,12.0,https://datawrapper.dwcdn.net/HpYNV/3/,https://reutersinstitute.politics.ox.ac.uk/digital-news-report/2026/france
france,France,5,TF1 News online,12.0,https://datawrapper.dwcdn.net/HpYNV/3/,https://reutersinstitute.politics.ox.ac.uk/digital-news-report/2026/france
france,France,6,France Info (public broadcaster),11.0,https://datawrapper.dwcdn.net/HpYNV/3/,https://reutersinstitute.politics.ox.ac.uk/digital-news-report/2026/france
france,France,7,HugoDécrypte,10.0,https://datawrapper.dwcdn.net/HpYNV/3/,https://reutersinstitute.politics.ox.ac.uk/digital-news-report/2026/france
france,France,8,BFM TV online,9.0,https://datawrapper.dwcdn.net/HpYNV/3/,https://reutersinstitute.politics.ox.ac.uk/digital-news-report/2026/france
france,France,9,Le Parisien online,9.0,https://datawrapper.dwcdn.net/HpYNV/3/,https://reutersinstitute.politics.ox.ac.uk/digital-news-report/2026/france
france,France,10,CNews online,8.0,https://datawrapper.dwcdn.net/HpYNV/3/,https://reutersinstitute.politics.ox.ac.uk/digital-news-report/2026/france
france,France,11,Le Figaro online,8.0,https://datawrapper.dwcdn.net/HpYNV/3/,https://reutersinstitute.politics.ox.ac.uk/digital-news-report/2026/france
france,France,12,M6 online,8.0,https://datawrapper.dwcdn.net/HpYNV/3/,https://reutersinstitute.politics.ox.ac.uk/digital-news-report/2026/france
france,France,13,Médiapart online,8.0,https://datawrapper.dwcdn.net/HpYNV/3/,https://reutersinstitute.politics.ox.ac.uk/digital-news-report/2026/france
france,France,14,Yahoo! News,8.0,https://datawrapper.dwcdn.net/HpYNV/3/,https://reutersinstitute.politics.ox.ac.uk/digital-news-report/2026/france
france,France,15,Konbini,7.0,https://datawrapper.dwcdn.net/HpYNV/3/,https://reutersinstitute.politics.ox.ac.uk/digital-news-report/2026/france
france,France,16,Ouest France online,7.0,https://datawrapper.dwcdn.net/HpYNV/3/,https://reutersinstitute.politics.ox.ac.uk/digital-news-report/2026/france
germany,Germany,1,"ARD News online (tagesschau.de, etc.)",20.0,https://datawrapper.dwcdn.net/E3MvL/4/,https://reutersinstitute.politics.ox.ac.uk/digital-news-report/2026/germany
germany,Germany,2,t-online,17.0,https://datawrapper.dwcdn.net/E3MvL/4/,https://reutersinstitute.politics.ox.ac.uk/digital-news-report/2026/germany
germany,Germany,3,Bild.de,14.0,https://datawrapper.dwcdn.net/E3MvL/4/,https://reutersinstitute.politics.ox.ac.uk/digital-news-report/2026/germany
germany,Germany,4,n-tv.de,14.0,https://datawrapper.dwcdn.net/E3MvL/4/,https://reutersinstitute.politics.ox.ac.uk/digital-news-report/2026/germany
germany,Germany,5,Spiegel online,13.0,https://datawrapper.dwcdn.net/E3MvL/4/,https://reutersinstitute.politics.ox.ac.uk/digital-news-report/2026/germany
germany,Germany,6,Web.de,12.0,https://datawrapper.dwcdn.net/E3MvL/4/,https://reutersinstitute.politics.ox.ac.uk/digital-news-report/2026/germany
germany,Germany,7,Welt.de,11.0,https://datawrapper.dwcdn.net/E3MvL/4/,https://reutersinstitute.politics.ox.ac.uk/digital-news-report/2026/germany
germany,Germany,8,Focus online,10.0,https://datawrapper.dwcdn.net/E3MvL/4/,https://reutersinstitute.politics.ox.ac.uk/digital-news-report/2026/germany
germany,Germany,9,Other regional or local newspaper online,10.0,https://datawrapper.dwcdn.net/E3MvL/4/,https://reutersinstitute.politics.ox.ac.uk/digital-news-report/2026/germany
germany,Germany,10,"ZDF News online (Heute.de, etc)",10.0,https://datawrapper.dwcdn.net/E3MvL/4/,https://reutersinstitute.politics.ox.ac.uk/digital-news-report/2026/germany
germany,Germany,11,Public regional TV news websites,9.0,https://datawrapper.dwcdn.net/E3MvL/4/,https://reutersinstitute.politics.ox.ac.uk/digital-news-report/2026/germany
germany,Germany,12,ZEIT online,9.0,https://datawrapper.dwcdn.net/E3MvL/4/,https://reutersinstitute.politics.ox.ac.uk/digital-news-report/2026/germany
germany,Germany,13,GMX,7.0,https://datawrapper.dwcdn.net/E3MvL/4/,https://reutersinstitute.politics.ox.ac.uk/digital-news-report/2026/germany
germany,Germany,14,Sueddeutsche.de,7.0,https://datawrapper.dwcdn.net/E3MvL/4/,https://reutersinstitute.politics.ox.ac.uk/digital-news-report/2026/germany
germany,Germany,15,FAZ.NET,6.0,https://datawrapper.dwcdn.net/E3MvL/4/,https://reutersinstitute.politics.ox.ac.uk/digital-news-report/2026/germany
germany,Germany,16,Rtl.de (incl. rtlaktuell.de),6.0,https://datawrapper.dwcdn.net/E3MvL/4/,https://reutersinstitute.politics.ox.ac.uk/digital-news-report/2026/germany
greece,Greece,1,In.gr,25.0,https://datawrapper.dwcdn.net/M3mlj/6/,https://reutersinstitute.politics.ox.ac.uk/digital-news-report/2026/greece
greece,Greece,2,Newsbomb.gr,25.0,https://datawrapper.dwcdn.net/M3mlj/6/,https://reutersinstitute.politics.ox.ac.uk/digital-news-report/2026/greece
greece,Greece,3,Proto Thema online,22.0,https://datawrapper.dwcdn.net/M3mlj/6/,https://reutersinstitute.politics.ox.ac.uk/digital-news-report/2026/greece
greece,Greece,4,News247.gr,21.0,https://datawrapper.dwcdn.net/M3mlj/6/,https://reutersinstitute.politics.ox.ac.uk/digital-news-report/2026/greece
greece,Greece,5,ERT News online,19.0,https://datawrapper.dwcdn.net/M3mlj/6/,https://reutersinstitute.politics.ox.ac.uk/digital-news-report/2026/greece
greece,Greece,6,Kathimerini online,19.0,https://datawrapper.dwcdn.net/M3mlj/6/,https://reutersinstitute.politics.ox.ac.uk/digital-news-report/2026/greece
greece,Greece,7,Newsit.gr,19.0,https://datawrapper.dwcdn.net/M3mlj/6/,https://reutersinstitute.politics.ox.ac.uk/digital-news-report/2026/greece
greece,Greece,8,Iefimerida.gr,16.0,https://datawrapper.dwcdn.net/M3mlj/6/,https://reutersinstitute.politics.ox.ac.uk/digital-news-report/2026/greece
greece,Greece,9,Lifo.gr,15.0,https://datawrapper.dwcdn.net/M3mlj/6/,https://reutersinstitute.politics.ox.ac.uk/digital-news-report/2026/greece
greece,Greece,10,Naftemporiki online,15.0,https://datawrapper.dwcdn.net/M3mlj/6/,https://reutersinstitute.politics.ox.ac.uk/digital-news-report/2026/greece
greece,Greece,11,Newsbeast.gr,15.0,https://datawrapper.dwcdn.net/M3mlj/6/,https://reutersinstitute.politics.ox.ac.uk/digital-news-report/2026/greece
greece,Greece,12,CNN Greece (CNN.gr),14.0,https://datawrapper.dwcdn.net/M3mlj/6/,https://reutersinstitute.politics.ox.ac.uk/digital-news-report/2026/greece
greece,Greece,13,Mixanitouxronou.gr,14.0,https://datawrapper.dwcdn.net/M3mlj/6/,https://reutersinstitute.politics.ox.ac.uk/digital-news-report/2026/greece
greece,Greece,14,SKAI News online,14.0,https://datawrapper.dwcdn.net/M3mlj/6/,https://reutersinstitute.politics.ox.ac.uk/digital-news-report/2026/greece
greece,Greece,15,Zougla.gr,14.0,https://datawrapper.dwcdn.net/M3mlj/6/,https://reutersinstitute.politics.ox.ac.uk/digital-news-report/2026/greece
greece,Greece,16,Capital.gr,13.0,https://datawrapper.dwcdn.net/M3mlj/6/,https://reutersinstitute.politics.ox.ac.uk/digital-news-report/2026/greece
hungary,Hungary,1,telex.hu,30.0,https://datawrapper.dwcdn.net/CjHU3/5/,https://reutersinstitute.politics.ox.ac.uk/digital-news-report/2026/hungary
hungary,Hungary,2,24.hu,27.0,https://datawrapper.dwcdn.net/CjHU3/5/,https://reutersinstitute.politics.ox.ac.uk/digital-news-report/2026/hungary
hungary,Hungary,3,444.hu,27.0,https://datawrapper.dwcdn.net/CjHU3/5/,https://reutersinstitute.politics.ox.ac.uk/digital-news-report/2026/hungary
hungary,Hungary,4,index.hu,25.0,https://datawrapper.dwcdn.net/CjHU3/5/,https://reutersinstitute.politics.ox.ac.uk/digital-news-report/2026/hungary
hungary,Hungary,5,hvg.hu,20.0,https://datawrapper.dwcdn.net/CjHU3/5/,https://reutersinstitute.politics.ox.ac.uk/digital-news-report/2026/hungary
hungary,Hungary,6,rtl.hu,20.0,https://datawrapper.dwcdn.net/CjHU3/5/,https://reutersinstitute.politics.ox.ac.uk/digital-news-report/2026/hungary
hungary,Hungary,7,origo.hu,18.0,https://datawrapper.dwcdn.net/CjHU3/5/,https://reutersinstitute.politics.ox.ac.uk/digital-news-report/2026/hungary
hungary,Hungary,8,Partizán,14.0,https://datawrapper.dwcdn.net/CjHU3/5/,https://reutersinstitute.politics.ox.ac.uk/digital-news-report/2026/hungary
hungary,Hungary,9,atv.hu,14.0,https://datawrapper.dwcdn.net/CjHU3/5/,https://reutersinstitute.politics.ox.ac.uk/digital-news-report/2026/hungary
hungary,Hungary,10,tenyek.hu,13.0,https://datawrapper.dwcdn.net/CjHU3/5/,https://reutersinstitute.politics.ox.ac.uk/digital-news-report/2026/hungary
hungary,Hungary,11,portfolio.hu,12.0,https://datawrapper.dwcdn.net/CjHU3/5/,https://reutersinstitute.politics.ox.ac.uk/digital-news-report/2026/hungary
hungary,Hungary,12,blikk.hu,10.0,https://datawrapper.dwcdn.net/CjHU3/5/,https://reutersinstitute.politics.ox.ac.uk/digital-news-report/2026/hungary
hungary,Hungary,13,Other regional or local newspaper online,9.0,https://datawrapper.dwcdn.net/CjHU3/5/,https://reutersinstitute.politics.ox.ac.uk/digital-news-report/2026/hungary
hungary,Hungary,14,hirado.hu (public broadcaster),8.0,https://datawrapper.dwcdn.net/CjHU3/5/,https://reutersinstitute.politics.ox.ac.uk/digital-news-report/2026/hungary
hungary,Hungary,15,hírtv.hu,8.0,https://datawrapper.dwcdn.net/CjHU3/5/,https://reutersinstitute.politics.ox.ac.uk/digital-news-report/2026/hungary
hungary,Hungary,16,atlatszo.hu,7.0,https://datawrapper.dwcdn.net/CjHU3/5/,https://reutersinstitute.politics.ox.ac.uk/digital-news-report/2026/hungary
ireland,Ireland,1,RTÉ News online,37.0,https://datawrapper.dwcdn.net/2Yx5E/3/,https://reutersinstitute.politics.ox.ac.uk/digital-news-report/2026/ireland
ireland,Ireland,2,TheJournal.ie,29.0,https://datawrapper.dwcdn.net/2Yx5E/3/,https://reutersinstitute.politics.ox.ac.uk/digital-news-report/2026/ireland
ireland,Ireland,3,Irish Independent online,23.0,https://datawrapper.dwcdn.net/2Yx5E/3/,https://reutersinstitute.politics.ox.ac.uk/digital-news-report/2026/ireland
ireland,Ireland,4,BreakingNews.ie,22.0,https://datawrapper.dwcdn.net/2Yx5E/3/,https://reutersinstitute.politics.ox.ac.uk/digital-news-report/2026/ireland
ireland,Ireland,5,BBC News online,21.0,https://datawrapper.dwcdn.net/2Yx5E/3/,https://reutersinstitute.politics.ox.ac.uk/digital-news-report/2026/ireland
ireland,Ireland,6,The Irish Times online,20.0,https://datawrapper.dwcdn.net/2Yx5E/3/,https://reutersinstitute.politics.ox.ac.uk/digital-news-report/2026/ireland
ireland,Ireland,7,Sky News online,17.0,https://datawrapper.dwcdn.net/2Yx5E/3/,https://reutersinstitute.politics.ox.ac.uk/digital-news-report/2026/ireland
ireland,Ireland,8,Dublinlive.ie,13.0,https://datawrapper.dwcdn.net/2Yx5E/3/,https://reutersinstitute.politics.ox.ac.uk/digital-news-report/2026/ireland
ireland,Ireland,9,Guardian online,12.0,https://datawrapper.dwcdn.net/2Yx5E/3/,https://reutersinstitute.politics.ox.ac.uk/digital-news-report/2026/ireland
ireland,Ireland,10,Other local radio news online,12.0,https://datawrapper.dwcdn.net/2Yx5E/3/,https://reutersinstitute.politics.ox.ac.uk/digital-news-report/2026/ireland
ireland,Ireland,11,Irish Examiner online,11.0,https://datawrapper.dwcdn.net/2Yx5E/3/,https://reutersinstitute.politics.ox.ac.uk/digital-news-report/2026/ireland
ireland,Ireland,12,CNN online,10.0,https://datawrapper.dwcdn.net/2Yx5E/3/,https://reutersinstitute.politics.ox.ac.uk/digital-news-report/2026/ireland
ireland,Ireland,13,Irish Mirror online,9.0,https://datawrapper.dwcdn.net/2Yx5E/3/,https://reutersinstitute.politics.ox.ac.uk/digital-news-report/2026/ireland
ireland,Ireland,14,Other regional or local newspaper online,9.0,https://datawrapper.dwcdn.net/2Yx5E/3/,https://reutersinstitute.politics.ox.ac.uk/digital-news-report/2026/ireland
ireland,Ireland,15,MailOnline,8.0,https://datawrapper.dwcdn.net/2Yx5E/3/,https://reutersinstitute.politics.ox.ac.uk/digital-news-report/2026/ireland
ireland,Ireland,16,New York Times,8.0,https://datawrapper.dwcdn.net/2Yx5E/3/,https://reutersinstitute.politics.ox.ac.uk/digital-news-report/2026/ireland
italy,Italy,1,Fanpage,22.0,https://datawrapper.dwcdn.net/Zi4pV/4/,https://reutersinstitute.politics.ox.ac.uk/digital-news-report/2026/italy
italy,Italy,2,ANSA online,17.0,https://datawrapper.dwcdn.net/Zi4pV/4/,https://reutersinstitute.politics.ox.ac.uk/digital-news-report/2026/italy
italy,Italy,3,TgCom24 online (Mediaset),17.0,https://datawrapper.dwcdn.net/Zi4pV/4/,https://reutersinstitute.politics.ox.ac.uk/digital-news-report/2026/italy
italy,Italy,4,SkyTg24 online,14.0,https://datawrapper.dwcdn.net/Zi4pV/4/,https://reutersinstitute.politics.ox.ac.uk/digital-news-report/2026/italy
italy,Italy,5,La Repubblica online,11.0,https://datawrapper.dwcdn.net/Zi4pV/4/,https://reutersinstitute.politics.ox.ac.uk/digital-news-report/2026/italy
italy,Italy,6,RAI News online,11.0,https://datawrapper.dwcdn.net/Zi4pV/4/,https://reutersinstitute.politics.ox.ac.uk/digital-news-report/2026/italy
italy,Italy,7,Il Corriere della Sera online,10.0,https://datawrapper.dwcdn.net/Zi4pV/4/,https://reutersinstitute.politics.ox.ac.uk/digital-news-report/2026/italy
italy,Italy,8,Commercial radio news online,9.0,https://datawrapper.dwcdn.net/Zi4pV/4/,https://reutersinstitute.politics.ox.ac.uk/digital-news-report/2026/italy
italy,Italy,9,Il Fatto Quotidiano online,9.0,https://datawrapper.dwcdn.net/Zi4pV/4/,https://reutersinstitute.politics.ox.ac.uk/digital-news-report/2026/italy
italy,Italy,10,IlPost.it,8.0,https://datawrapper.dwcdn.net/Zi4pV/4/,https://reutersinstitute.politics.ox.ac.uk/digital-news-report/2026/italy
italy,Italy,11,Free newspapers online,7.0,https://datawrapper.dwcdn.net/Zi4pV/4/,https://reutersinstitute.politics.ox.ac.uk/digital-news-report/2026/italy
italy,Italy,12,Il Sole 24 Ore online,7.0,https://datawrapper.dwcdn.net/Zi4pV/4/,https://reutersinstitute.politics.ox.ac.uk/digital-news-report/2026/italy
italy,Italy,13,Notizie Libero online,7.0,https://datawrapper.dwcdn.net/Zi4pV/4/,https://reutersinstitute.politics.ox.ac.uk/digital-news-report/2026/italy
italy,Italy,14,Other regional or local newspaper online,7.0,https://datawrapper.dwcdn.net/Zi4pV/4/,https://reutersinstitute.politics.ox.ac.uk/digital-news-report/2026/italy
italy,Italy,15,TgLa7 online,7.0,https://datawrapper.dwcdn.net/Zi4pV/4/,https://reutersinstitute.politics.ox.ac.uk/digital-news-report/2026/italy
italy,Italy,16,HuffPost,5.0,https://datawrapper.dwcdn.net/Zi4pV/4/,https://reutersinstitute.politics.ox.ac.uk/digital-news-report/2026/italy
netherlands,Netherlands,1,NU.nl,44.0,https://datawrapper.dwcdn.net/n4pU4/5/,https://reutersinstitute.politics.ox.ac.uk/digital-news-report/2026/netherlands
netherlands,Netherlands,2,NOS Nieuws online,34.0,https://datawrapper.dwcdn.net/n4pU4/5/,https://reutersinstitute.politics.ox.ac.uk/digital-news-report/2026/netherlands
netherlands,Netherlands,3,Algemeen Dagblad (AD) online,24.0,https://datawrapper.dwcdn.net/n4pU4/5/,https://reutersinstitute.politics.ox.ac.uk/digital-news-report/2026/netherlands
netherlands,Netherlands,4,RTL Nieuws online,18.0,https://datawrapper.dwcdn.net/n4pU4/5/,https://reutersinstitute.politics.ox.ac.uk/digital-news-report/2026/netherlands
netherlands,Netherlands,5,De Telegraaf online,16.0,https://datawrapper.dwcdn.net/n4pU4/5/,https://reutersinstitute.politics.ox.ac.uk/digital-news-report/2026/netherlands
netherlands,Netherlands,6,Other regional or local newspaper online,14.0,https://datawrapper.dwcdn.net/n4pU4/5/,https://reutersinstitute.politics.ox.ac.uk/digital-news-report/2026/netherlands
netherlands,Netherlands,7,Other regional or local TV news online,12.0,https://datawrapper.dwcdn.net/n4pU4/5/,https://reutersinstitute.politics.ox.ac.uk/digital-news-report/2026/netherlands
netherlands,Netherlands,8,SBS Nieuws (Hart van Nederland en Nieuws van de Dag) online,9.0,https://datawrapper.dwcdn.net/n4pU4/5/,https://reutersinstitute.politics.ox.ac.uk/digital-news-report/2026/netherlands
netherlands,Netherlands,9,Indebuurt.nl,8.0,https://datawrapper.dwcdn.net/n4pU4/5/,https://reutersinstitute.politics.ox.ac.uk/digital-news-report/2026/netherlands
netherlands,Netherlands,10,de Volkskrant online,8.0,https://datawrapper.dwcdn.net/n4pU4/5/,https://reutersinstitute.politics.ox.ac.uk/digital-news-report/2026/netherlands
netherlands,Netherlands,11,BBC News online,5.0,https://datawrapper.dwcdn.net/n4pU4/5/,https://reutersinstitute.politics.ox.ac.uk/digital-news-report/2026/netherlands
netherlands,Netherlands,12,Metro News online,5.0,https://datawrapper.dwcdn.net/n4pU4/5/,https://reutersinstitute.politics.ox.ac.uk/digital-news-report/2026/netherlands
netherlands,Netherlands,13,NRC online,5.0,https://datawrapper.dwcdn.net/n4pU4/5/,https://reutersinstitute.politics.ox.ac.uk/digital-news-report/2026/netherlands
netherlands,Netherlands,14,Other online sites from outside the Netherlands,5.0,https://datawrapper.dwcdn.net/n4pU4/5/,https://reutersinstitute.politics.ox.ac.uk/digital-news-report/2026/netherlands
netherlands,Netherlands,15,GeenStijl,4.0,https://datawrapper.dwcdn.net/n4pU4/5/,https://reutersinstitute.politics.ox.ac.uk/digital-news-report/2026/netherlands
netherlands,Netherlands,16,MSN News,4.0,https://datawrapper.dwcdn.net/n4pU4/5/,https://reutersinstitute.politics.ox.ac.uk/digital-news-report/2026/netherlands
norway,Norway,1,VG Nett,61.0,https://datawrapper.dwcdn.net/vr2Kx/3/,https://reutersinstitute.politics.ox.ac.uk/digital-news-report/2026/norway
norway,Norway,2,NRK News online,53.0,https://datawrapper.dwcdn.net/vr2Kx/3/,https://reutersinstitute.politics.ox.ac.uk/digital-news-report/2026/norway
norway,Norway,3,TV2 News online,45.0,https://datawrapper.dwcdn.net/vr2Kx/3/,https://reutersinstitute.politics.ox.ac.uk/digital-news-report/2026/norway
norway,Norway,4,Dagbladet online,32.0,https://datawrapper.dwcdn.net/vr2Kx/3/,https://reutersinstitute.politics.ox.ac.uk/digital-news-report/2026/norway
norway,Norway,5,Nettavisen.no,29.0,https://datawrapper.dwcdn.net/vr2Kx/3/,https://reutersinstitute.politics.ox.ac.uk/digital-news-report/2026/norway
norway,Norway,6,Other regional or local newspaper online,27.0,https://datawrapper.dwcdn.net/vr2Kx/3/,https://reutersinstitute.politics.ox.ac.uk/digital-news-report/2026/norway
norway,Norway,7,E24,22.0,https://datawrapper.dwcdn.net/vr2Kx/3/,https://reutersinstitute.politics.ox.ac.uk/digital-news-report/2026/norway
norway,Norway,8,Aftenposten online,20.0,https://datawrapper.dwcdn.net/vr2Kx/3/,https://reutersinstitute.politics.ox.ac.uk/digital-news-report/2026/norway
norway,Norway,9,ABC News online,10.0,https://datawrapper.dwcdn.net/vr2Kx/3/,https://reutersinstitute.politics.ox.ac.uk/digital-news-report/2026/norway
norway,Norway,10,Bergens Tidende online,8.0,https://datawrapper.dwcdn.net/vr2Kx/3/,https://reutersinstitute.politics.ox.ac.uk/digital-news-report/2026/norway
norway,Norway,11,Dagens Næringsliv (DN) online,8.0,https://datawrapper.dwcdn.net/vr2Kx/3/,https://reutersinstitute.politics.ox.ac.uk/digital-news-report/2026/norway
norway,Norway,12,Adresseavisen online,7.0,https://datawrapper.dwcdn.net/vr2Kx/3/,https://reutersinstitute.politics.ox.ac.uk/digital-news-report/2026/norway
norway,Norway,13,BBC News online,6.0,https://datawrapper.dwcdn.net/vr2Kx/3/,https://reutersinstitute.politics.ox.ac.uk/digital-news-report/2026/norway
norway,Norway,14,CNN online,6.0,https://datawrapper.dwcdn.net/vr2Kx/3/,https://reutersinstitute.politics.ox.ac.uk/digital-news-report/2026/norway
norway,Norway,15,Dagsavisen online,6.0,https://datawrapper.dwcdn.net/vr2Kx/3/,https://reutersinstitute.politics.ox.ac.uk/digital-news-report/2026/norway
norway,Norway,16,Stavanger Aftenblad online,6.0,https://datawrapper.dwcdn.net/vr2Kx/3/,https://reutersinstitute.politics.ox.ac.uk/digital-news-report/2026/norway
poland,Poland,1,Onet.pl,33.0,https://datawrapper.dwcdn.net/voxC5/4/,https://reutersinstitute.politics.ox.ac.uk/digital-news-report/2026/poland
poland,Poland,2,WP.pl,29.0,https://datawrapper.dwcdn.net/voxC5/4/,https://reutersinstitute.politics.ox.ac.uk/digital-news-report/2026/poland
poland,Poland,3,TVN24.pl,22.0,https://datawrapper.dwcdn.net/voxC5/4/,https://reutersinstitute.politics.ox.ac.uk/digital-news-report/2026/poland
poland,Poland,4,Interia.pl,20.0,https://datawrapper.dwcdn.net/voxC5/4/,https://reutersinstitute.politics.ox.ac.uk/digital-news-report/2026/poland
poland,Poland,5,RMF24.pl,14.0,https://datawrapper.dwcdn.net/voxC5/4/,https://reutersinstitute.politics.ox.ac.uk/digital-news-report/2026/poland
poland,Poland,6,Kanal Zero (YouTube),13.0,https://datawrapper.dwcdn.net/voxC5/4/,https://reutersinstitute.politics.ox.ac.uk/digital-news-report/2026/poland
poland,Poland,7,TVP.info,13.0,https://datawrapper.dwcdn.net/voxC5/4/,https://reutersinstitute.politics.ox.ac.uk/digital-news-report/2026/poland
poland,Poland,8,Fakt.pl,12.0,https://datawrapper.dwcdn.net/voxC5/4/,https://reutersinstitute.politics.ox.ac.uk/digital-news-report/2026/poland
poland,Poland,9,(Gazeta) Wyborcza.pl,11.0,https://datawrapper.dwcdn.net/voxC5/4/,https://reutersinstitute.politics.ox.ac.uk/digital-news-report/2026/poland
poland,Poland,10,Gazeta.pl,11.0,https://datawrapper.dwcdn.net/voxC5/4/,https://reutersinstitute.politics.ox.ac.uk/digital-news-report/2026/poland
poland,Poland,11,Polsatnews.pl,11.0,https://datawrapper.dwcdn.net/voxC5/4/,https://reutersinstitute.politics.ox.ac.uk/digital-news-report/2026/poland
poland,Poland,12,Radiozet.pl,10.0,https://datawrapper.dwcdn.net/voxC5/4/,https://reutersinstitute.politics.ox.ac.uk/digital-news-report/2026/poland
poland,Poland,13,Other regional or local newspaper online,8.0,https://datawrapper.dwcdn.net/voxC5/4/,https://reutersinstitute.politics.ox.ac.uk/digital-news-report/2026/poland
poland,Poland,14,NaszeMiasto.pl,7.0,https://datawrapper.dwcdn.net/voxC5/4/,https://reutersinstitute.politics.ox.ac.uk/digital-news-report/2026/poland
poland,Poland,15,Newsweek.pl,6.0,https://datawrapper.dwcdn.net/voxC5/4/,https://reutersinstitute.politics.ox.ac.uk/digital-news-report/2026/poland
poland,Poland,16,Polityka.pl,5.0,https://datawrapper.dwcdn.net/voxC5/4/,https://reutersinstitute.politics.ox.ac.uk/digital-news-report/2026/poland
portugal,Portugal,1,SIC online (incl. SIC Notícias online),33.0,https://datawrapper.dwcdn.net/KFb80/4/,https://reutersinstitute.politics.ox.ac.uk/digital-news-report/2026/portugal
portugal,Portugal,2,Notícias ao Minuto,27.0,https://datawrapper.dwcdn.net/KFb80/4/,https://reutersinstitute.politics.ox.ac.uk/digital-news-report/2026/portugal
portugal,Portugal,3,Correio da Manhã TV online,23.0,https://datawrapper.dwcdn.net/KFb80/4/,https://reutersinstitute.politics.ox.ac.uk/digital-news-report/2026/portugal
portugal,Portugal,4,Correio da Manhã online,21.0,https://datawrapper.dwcdn.net/KFb80/4/,https://reutersinstitute.politics.ox.ac.uk/digital-news-report/2026/portugal
portugal,Portugal,5,CNN Portugal online,20.0,https://datawrapper.dwcdn.net/KFb80/4/,https://reutersinstitute.politics.ox.ac.uk/digital-news-report/2026/portugal
portugal,Portugal,6,Jornal de Notícias online,19.0,https://datawrapper.dwcdn.net/KFb80/4/,https://reutersinstitute.politics.ox.ac.uk/digital-news-report/2026/portugal
portugal,Portugal,7,Observador,17.0,https://datawrapper.dwcdn.net/KFb80/4/,https://reutersinstitute.politics.ox.ac.uk/digital-news-report/2026/portugal
portugal,Portugal,8,RTP News online,17.0,https://datawrapper.dwcdn.net/KFb80/4/,https://reutersinstitute.politics.ox.ac.uk/digital-news-report/2026/portugal
portugal,Portugal,9,Expresso online,16.0,https://datawrapper.dwcdn.net/KFb80/4/,https://reutersinstitute.politics.ox.ac.uk/digital-news-report/2026/portugal
portugal,Portugal,10,Sapo,16.0,https://datawrapper.dwcdn.net/KFb80/4/,https://reutersinstitute.politics.ox.ac.uk/digital-news-report/2026/portugal
portugal,Portugal,11,Público online,15.0,https://datawrapper.dwcdn.net/KFb80/4/,https://reutersinstitute.politics.ox.ac.uk/digital-news-report/2026/portugal
portugal,Portugal,12,TVI News online,15.0,https://datawrapper.dwcdn.net/KFb80/4/,https://reutersinstitute.politics.ox.ac.uk/digital-news-report/2026/portugal
portugal,Portugal,13,Diário de Notícias online,12.0,https://datawrapper.dwcdn.net/KFb80/4/,https://reutersinstitute.politics.ox.ac.uk/digital-news-report/2026/portugal
portugal,Portugal,14,RFM online,11.0,https://datawrapper.dwcdn.net/KFb80/4/,https://reutersinstitute.politics.ox.ac.uk/digital-news-report/2026/portugal
portugal,Portugal,15,Rádio Comercial online,11.0,https://datawrapper.dwcdn.net/KFb80/4/,https://reutersinstitute.politics.ox.ac.uk/digital-news-report/2026/portugal
portugal,Portugal,16,A Bola (abola.pt),10.0,https://datawrapper.dwcdn.net/KFb80/4/,https://reutersinstitute.politics.ox.ac.uk/digital-news-report/2026/portugal
romania,Romania,1,Pro TV News online,29.0,https://datawrapper.dwcdn.net/JaW0O/4/,https://reutersinstitute.politics.ox.ac.uk/digital-news-report/2026/romania
romania,Romania,2,Digi24 online,26.0,https://datawrapper.dwcdn.net/JaW0O/4/,https://reutersinstitute.politics.ox.ac.uk/digital-news-report/2026/romania
romania,Romania,3,Libertatea online,21.0,https://datawrapper.dwcdn.net/JaW0O/4/,https://reutersinstitute.politics.ox.ac.uk/digital-news-report/2026/romania
romania,Romania,4,Adevărul online,20.0,https://datawrapper.dwcdn.net/JaW0O/4/,https://reutersinstitute.politics.ox.ac.uk/digital-news-report/2026/romania
romania,Romania,5,Stiripesurse.ro,20.0,https://datawrapper.dwcdn.net/JaW0O/4/,https://reutersinstitute.politics.ox.ac.uk/digital-news-report/2026/romania
romania,Romania,6,România TV online,17.0,https://datawrapper.dwcdn.net/JaW0O/4/,https://reutersinstitute.politics.ox.ac.uk/digital-news-report/2026/romania
romania,Romania,7,HotNews,15.0,https://datawrapper.dwcdn.net/JaW0O/4/,https://reutersinstitute.politics.ox.ac.uk/digital-news-report/2026/romania
romania,Romania,8,Antena 1 online,14.0,https://datawrapper.dwcdn.net/JaW0O/4/,https://reutersinstitute.politics.ox.ac.uk/digital-news-report/2026/romania
romania,Romania,9,Recorder,14.0,https://datawrapper.dwcdn.net/JaW0O/4/,https://reutersinstitute.politics.ox.ac.uk/digital-news-report/2026/romania
romania,Romania,10,Ziare.com,14.0,https://datawrapper.dwcdn.net/JaW0O/4/,https://reutersinstitute.politics.ox.ac.uk/digital-news-report/2026/romania
romania,Romania,11,Jurnalul.ro,13.0,https://datawrapper.dwcdn.net/JaW0O/4/,https://reutersinstitute.politics.ox.ac.uk/digital-news-report/2026/romania
romania,Romania,12,Mediafax,13.0,https://datawrapper.dwcdn.net/JaW0O/4/,https://reutersinstitute.politics.ox.ac.uk/digital-news-report/2026/romania
romania,Romania,13,Antena 3 CNN online,12.0,https://datawrapper.dwcdn.net/JaW0O/4/,https://reutersinstitute.politics.ox.ac.uk/digital-news-report/2026/romania
romania,Romania,14,Gândul,12.0,https://datawrapper.dwcdn.net/JaW0O/4/,https://reutersinstitute.politics.ox.ac.uk/digital-news-report/2026/romania
romania,Romania,15,Yahoo! News,12.0,https://datawrapper.dwcdn.net/JaW0O/4/,https://reutersinstitute.politics.ox.ac.uk/digital-news-report/2026/romania
romania,Romania,16,Cancan,11.0,https://datawrapper.dwcdn.net/JaW0O/4/,https://reutersinstitute.politics.ox.ac.uk/digital-news-report/2026/romania
serbia,Serbia,1,N1 online,36.0,https://datawrapper.dwcdn.net/ihM6f/4/,https://reutersinstitute.politics.ox.ac.uk/digital-news-report/2026/serbia
serbia,Serbia,2,Blic online,30.0,https://datawrapper.dwcdn.net/ihM6f/4/,https://reutersinstitute.politics.ox.ac.uk/digital-news-report/2026/serbia
serbia,Serbia,3,Telegraf.rs,23.0,https://datawrapper.dwcdn.net/ihM6f/4/,https://reutersinstitute.politics.ox.ac.uk/digital-news-report/2026/serbia
serbia,Serbia,4,Nova online,21.0,https://datawrapper.dwcdn.net/ihM6f/4/,https://reutersinstitute.politics.ox.ac.uk/digital-news-report/2026/serbia
serbia,Serbia,5,Danas online,20.0,https://datawrapper.dwcdn.net/ihM6f/4/,https://reutersinstitute.politics.ox.ac.uk/digital-news-report/2026/serbia
serbia,Serbia,6,Investigative Reporting Network online,20.0,https://datawrapper.dwcdn.net/ihM6f/4/,https://reutersinstitute.politics.ox.ac.uk/digital-news-report/2026/serbia
serbia,Serbia,7,Kurir online,20.0,https://datawrapper.dwcdn.net/ihM6f/4/,https://reutersinstitute.politics.ox.ac.uk/digital-news-report/2026/serbia
serbia,Serbia,8,Mondo.rs,19.0,https://datawrapper.dwcdn.net/ihM6f/4/,https://reutersinstitute.politics.ox.ac.uk/digital-news-report/2026/serbia
serbia,Serbia,9,Radio-Television Serbia (RTS) online,19.0,https://datawrapper.dwcdn.net/ihM6f/4/,https://reutersinstitute.politics.ox.ac.uk/digital-news-report/2026/serbia
serbia,Serbia,10,Srbijadanas.com,18.0,https://datawrapper.dwcdn.net/ihM6f/4/,https://reutersinstitute.politics.ox.ac.uk/digital-news-report/2026/serbia
serbia,Serbia,11,Južne vesti online,16.0,https://datawrapper.dwcdn.net/ihM6f/4/,https://reutersinstitute.politics.ox.ac.uk/digital-news-report/2026/serbia
serbia,Serbia,12,B92 TV online,15.0,https://datawrapper.dwcdn.net/ihM6f/4/,https://reutersinstitute.politics.ox.ac.uk/digital-news-report/2026/serbia
serbia,Serbia,13,Informer online,12.0,https://datawrapper.dwcdn.net/ihM6f/4/,https://reutersinstitute.politics.ox.ac.uk/digital-news-report/2026/serbia
serbia,Serbia,14,Prva Srpska TV online,12.0,https://datawrapper.dwcdn.net/ihM6f/4/,https://reutersinstitute.politics.ox.ac.uk/digital-news-report/2026/serbia
serbia,Serbia,15,Radar online,12.0,https://datawrapper.dwcdn.net/ihM6f/4/,https://reutersinstitute.politics.ox.ac.uk/digital-news-report/2026/serbia
serbia,Serbia,16,TV Pink online,12.0,https://datawrapper.dwcdn.net/ihM6f/4/,https://reutersinstitute.politics.ox.ac.uk/digital-news-report/2026/serbia
slovakia,Slovakia,1,aktuality.sk,39.0,https://datawrapper.dwcdn.net/cL1P0/4/,https://reutersinstitute.politics.ox.ac.uk/digital-news-report/2026/slovakia
slovakia,Slovakia,2,topky.sk,25.0,https://datawrapper.dwcdn.net/cL1P0/4/,https://reutersinstitute.politics.ox.ac.uk/digital-news-report/2026/slovakia
slovakia,Slovakia,3,tvnoviny.sk,21.0,https://datawrapper.dwcdn.net/cL1P0/4/,https://reutersinstitute.politics.ox.ac.uk/digital-news-report/2026/slovakia
slovakia,Slovakia,4,sme.sk,20.0,https://datawrapper.dwcdn.net/cL1P0/4/,https://reutersinstitute.politics.ox.ac.uk/digital-news-report/2026/slovakia
slovakia,Slovakia,5,cas.sk,16.0,https://datawrapper.dwcdn.net/cL1P0/4/,https://reutersinstitute.politics.ox.ac.uk/digital-news-report/2026/slovakia
slovakia,Slovakia,6,refresher.sk,16.0,https://datawrapper.dwcdn.net/cL1P0/4/,https://reutersinstitute.politics.ox.ac.uk/digital-news-report/2026/slovakia
slovakia,Slovakia,7,ta3.com,16.0,https://datawrapper.dwcdn.net/cL1P0/4/,https://reutersinstitute.politics.ox.ac.uk/digital-news-report/2026/slovakia
slovakia,Slovakia,8,pravda.sk,15.0,https://datawrapper.dwcdn.net/cL1P0/4/,https://reutersinstitute.politics.ox.ac.uk/digital-news-report/2026/slovakia
slovakia,Slovakia,9,dennikn.sk,14.0,https://datawrapper.dwcdn.net/cL1P0/4/,https://reutersinstitute.politics.ox.ac.uk/digital-news-report/2026/slovakia
slovakia,Slovakia,10,startitup.sk,14.0,https://datawrapper.dwcdn.net/cL1P0/4/,https://reutersinstitute.politics.ox.ac.uk/digital-news-report/2026/slovakia
slovakia,Slovakia,11,noviny.sk,13.0,https://datawrapper.dwcdn.net/cL1P0/4/,https://reutersinstitute.politics.ox.ac.uk/digital-news-report/2026/slovakia
slovakia,Slovakia,12,spravy.stvr.sk,13.0,https://datawrapper.dwcdn.net/cL1P0/4/,https://reutersinstitute.politics.ox.ac.uk/digital-news-report/2026/slovakia
slovakia,Slovakia,13,pluska.sk,10.0,https://datawrapper.dwcdn.net/cL1P0/4/,https://reutersinstitute.politics.ox.ac.uk/digital-news-report/2026/slovakia
slovakia,Slovakia,14,360tka.sk,9.0,https://datawrapper.dwcdn.net/cL1P0/4/,https://reutersinstitute.politics.ox.ac.uk/digital-news-report/2026/slovakia
slovakia,Slovakia,15,hnonline.sk,9.0,https://datawrapper.dwcdn.net/cL1P0/4/,https://reutersinstitute.politics.ox.ac.uk/digital-news-report/2026/slovakia
slovakia,Slovakia,16,dnes24.sk,8.0,https://datawrapper.dwcdn.net/cL1P0/4/,https://reutersinstitute.politics.ox.ac.uk/digital-news-report/2026/slovakia
spain,Spain,1,El País online,15.0,https://datawrapper.dwcdn.net/2Rp2T/3/,https://reutersinstitute.politics.ox.ac.uk/digital-news-report/2026/spain
spain,Spain,2,elDiario.es,14.0,https://datawrapper.dwcdn.net/2Rp2T/3/,https://reutersinstitute.politics.ox.ac.uk/digital-news-report/2026/spain
spain,Spain,3,20 Minutos online,12.0,https://datawrapper.dwcdn.net/2Rp2T/3/,https://reutersinstitute.politics.ox.ac.uk/digital-news-report/2026/spain
spain,Spain,4,El Mundo online,12.0,https://datawrapper.dwcdn.net/2Rp2T/3/,https://reutersinstitute.politics.ox.ac.uk/digital-news-report/2026/spain
spain,Spain,5,OKDiario,12.0,https://datawrapper.dwcdn.net/2Rp2T/3/,https://reutersinstitute.politics.ox.ac.uk/digital-news-report/2026/spain
spain,Spain,6,RTVE online,12.0,https://datawrapper.dwcdn.net/2Rp2T/3/,https://reutersinstitute.politics.ox.ac.uk/digital-news-report/2026/spain
spain,Spain,7,Antena 3 online,10.0,https://datawrapper.dwcdn.net/2Rp2T/3/,https://reutersinstitute.politics.ox.ac.uk/digital-news-report/2026/spain
spain,Spain,8,Marca online,10.0,https://datawrapper.dwcdn.net/2Rp2T/3/,https://reutersinstitute.politics.ox.ac.uk/digital-news-report/2026/spain
spain,Spain,9,Other regional or local newspaper online,10.0,https://datawrapper.dwcdn.net/2Rp2T/3/,https://reutersinstitute.politics.ox.ac.uk/digital-news-report/2026/spain
spain,Spain,10,Regional/local public TV/radio news online,10.0,https://datawrapper.dwcdn.net/2Rp2T/3/,https://reutersinstitute.politics.ox.ac.uk/digital-news-report/2026/spain
spain,Spain,11,El Confidencial,9.0,https://datawrapper.dwcdn.net/2Rp2T/3/,https://reutersinstitute.politics.ox.ac.uk/digital-news-report/2026/spain
spain,Spain,12,ElEspañol.com,9.0,https://datawrapper.dwcdn.net/2Rp2T/3/,https://reutersinstitute.politics.ox.ac.uk/digital-news-report/2026/spain
spain,Spain,13,Other digital-born news website,9.0,https://datawrapper.dwcdn.net/2Rp2T/3/,https://reutersinstitute.politics.ox.ac.uk/digital-news-report/2026/spain
spain,Spain,14,Regional/local private TV/radio news online,8.0,https://datawrapper.dwcdn.net/2Rp2T/3/,https://reutersinstitute.politics.ox.ac.uk/digital-news-report/2026/spain
spain,Spain,15,ABC online,7.0,https://datawrapper.dwcdn.net/2Rp2T/3/,https://reutersinstitute.politics.ox.ac.uk/digital-news-report/2026/spain
spain,Spain,16,La Vanguardia online,7.0,https://datawrapper.dwcdn.net/2Rp2T/3/,https://reutersinstitute.politics.ox.ac.uk/digital-news-report/2026/spain
sweden,Sweden,1,Aftonbladet online,46.0,https://datawrapper.dwcdn.net/mAAPZ/3/,https://reutersinstitute.politics.ox.ac.uk/digital-news-report/2026/sweden
sweden,Sweden,2,SVT News online,42.0,https://datawrapper.dwcdn.net/mAAPZ/3/,https://reutersinstitute.politics.ox.ac.uk/digital-news-report/2026/sweden
sweden,Sweden,3,Expressen online,34.0,https://datawrapper.dwcdn.net/mAAPZ/3/,https://reutersinstitute.politics.ox.ac.uk/digital-news-report/2026/sweden
sweden,Sweden,4,TV4 News online,26.0,https://datawrapper.dwcdn.net/mAAPZ/3/,https://reutersinstitute.politics.ox.ac.uk/digital-news-report/2026/sweden
sweden,Sweden,5,Othe regional or local newspaper online,21.0,https://datawrapper.dwcdn.net/mAAPZ/3/,https://reutersinstitute.politics.ox.ac.uk/digital-news-report/2026/sweden
sweden,Sweden,6,Dagens Nyheter online,17.0,https://datawrapper.dwcdn.net/mAAPZ/3/,https://reutersinstitute.politics.ox.ac.uk/digital-news-report/2026/sweden
sweden,Sweden,7,Nyheter 24 (News 24),16.0,https://datawrapper.dwcdn.net/mAAPZ/3/,https://reutersinstitute.politics.ox.ac.uk/digital-news-report/2026/sweden
sweden,Sweden,8,SR Nyheter online,15.0,https://datawrapper.dwcdn.net/mAAPZ/3/,https://reutersinstitute.politics.ox.ac.uk/digital-news-report/2026/sweden
sweden,Sweden,9,Svenska Dagbladet online,11.0,https://datawrapper.dwcdn.net/mAAPZ/3/,https://reutersinstitute.politics.ox.ac.uk/digital-news-report/2026/sweden
sweden,Sweden,10,Dagens Industri online,10.0,https://datawrapper.dwcdn.net/mAAPZ/3/,https://reutersinstitute.politics.ox.ac.uk/digital-news-report/2026/sweden
sweden,Sweden,11,BBC News online,9.0,https://datawrapper.dwcdn.net/mAAPZ/3/,https://reutersinstitute.politics.ox.ac.uk/digital-news-report/2026/sweden
sweden,Sweden,12,Göteborgs-Posten online,9.0,https://datawrapper.dwcdn.net/mAAPZ/3/,https://reutersinstitute.politics.ox.ac.uk/digital-news-report/2026/sweden
sweden,Sweden,13,CNN.com,7.0,https://datawrapper.dwcdn.net/mAAPZ/3/,https://reutersinstitute.politics.ox.ac.uk/digital-news-report/2026/sweden
sweden,Sweden,14,Samhällsnytt,6.0,https://datawrapper.dwcdn.net/mAAPZ/3/,https://reutersinstitute.politics.ox.ac.uk/digital-news-report/2026/sweden
sweden,Sweden,15,Sydsvenska Dagbladet online,6.0,https://datawrapper.dwcdn.net/mAAPZ/3/,https://reutersinstitute.politics.ox.ac.uk/digital-news-report/2026/sweden
sweden,Sweden,16,Nyheter Idag,5.0,https://datawrapper.dwcdn.net/mAAPZ/3/,https://reutersinstitute.politics.ox.ac.uk/digital-news-report/2026/sweden
switzerland,Switzerland,1,20 Minutes online,51.0,https://datawrapper.dwcdn.net/YG80Q/1/ https://datawrapper.dwcdn.net/49BGV/2/,https://reutersinstitute.politics.ox.ac.uk/digital-news-report/2026/switzerland
switzerland,Switzerland,2,20 Minuten online,46.0,https://datawrapper.dwcdn.net/YG80Q/1/ https://datawrapper.dwcdn.net/49BGV/2/,https://reutersinstitute.politics.ox.ac.uk/digital-news-report/2026/switzerland
switzerland,Switzerland,3,RTS News online,35.0,https://datawrapper.dwcdn.net/YG80Q/1/ https://datawrapper.dwcdn.net/49BGV/2/,https://reutersinstitute.politics.ox.ac.uk/digital-news-report/2026/switzerland
switzerland,Switzerland,4,SRF News online,32.0,https://datawrapper.dwcdn.net/YG80Q/1/ https://datawrapper.dwcdn.net/49BGV/2/,https://reutersinstitute.politics.ox.ac.uk/digital-news-report/2026/switzerland
switzerland,Switzerland,5,Blick online,31.0,https://datawrapper.dwcdn.net/YG80Q/1/ https://datawrapper.dwcdn.net/49BGV/2/,https://reutersinstitute.politics.ox.ac.uk/digital-news-report/2026/switzerland
switzerland,Switzerland,6,Watson,21.0,https://datawrapper.dwcdn.net/YG80Q/1/ https://datawrapper.dwcdn.net/49BGV/2/,https://reutersinstitute.politics.ox.ac.uk/digital-news-report/2026/switzerland
switzerland,Switzerland,7,24 heures online,18.0,https://datawrapper.dwcdn.net/YG80Q/1/ https://datawrapper.dwcdn.net/49BGV/2/,https://reutersinstitute.politics.ox.ac.uk/digital-news-report/2026/switzerland
switzerland,Switzerland,8,Blue News,17.0,https://datawrapper.dwcdn.net/YG80Q/1/ https://datawrapper.dwcdn.net/49BGV/2/,https://reutersinstitute.politics.ox.ac.uk/digital-news-report/2026/switzerland
switzerland,Switzerland,9,Le Matin online,16.0,https://datawrapper.dwcdn.net/YG80Q/1/ https://datawrapper.dwcdn.net/49BGV/2/,https://reutersinstitute.politics.ox.ac.uk/digital-news-report/2026/switzerland
switzerland,Switzerland,10,Teletext online,13.0,https://datawrapper.dwcdn.net/YG80Q/1/ https://datawrapper.dwcdn.net/49BGV/2/,https://reutersinstitute.politics.ox.ac.uk/digital-news-report/2026/switzerland
switzerland,Switzerland,11,nau.ch,12.0,https://datawrapper.dwcdn.net/YG80Q/1/ https://datawrapper.dwcdn.net/49BGV/2/,https://reutersinstitute.politics.ox.ac.uk/digital-news-report/2026/switzerland
switzerland,Switzerland,12,Le Temps online,11.0,https://datawrapper.dwcdn.net/YG80Q/1/ https://datawrapper.dwcdn.net/49BGV/2/,https://reutersinstitute.politics.ox.ac.uk/digital-news-report/2026/switzerland
switzerland,Switzerland,13,BBC News online,10.0,https://datawrapper.dwcdn.net/YG80Q/1/ https://datawrapper.dwcdn.net/49BGV/2/,https://reutersinstitute.politics.ox.ac.uk/digital-news-report/2026/switzerland
switzerland,Switzerland,14,NZZ online,10.0,https://datawrapper.dwcdn.net/YG80Q/1/ https://datawrapper.dwcdn.net/49BGV/2/,https://reutersinstitute.politics.ox.ac.uk/digital-news-report/2026/switzerland
switzerland,Switzerland,15,Tages-Anzeiger online,10.0,https://datawrapper.dwcdn.net/YG80Q/1/ https://datawrapper.dwcdn.net/49BGV/2/,https://reutersinstitute.politics.ox.ac.uk/digital-news-report/2026/switzerland
switzerland,Switzerland,16,Tribune de Genève online,10.0,https://datawrapper.dwcdn.net/YG80Q/1/ https://datawrapper.dwcdn.net/49BGV/2/,https://reutersinstitute.politics.ox.ac.uk/digital-news-report/2026/switzerland
switzerland,Switzerland,17,Yahoo! News,10.0,https://datawrapper.dwcdn.net/YG80Q/1/ https://datawrapper.dwcdn.net/49BGV/2/,https://reutersinstitute.politics.ox.ac.uk/digital-news-report/2026/switzerland
switzerland,Switzerland,18,CNN.com,9.0,https://datawrapper.dwcdn.net/YG80Q/1/ https://datawrapper.dwcdn.net/49BGV/2/,https://reutersinstitute.politics.ox.ac.uk/digital-news-report/2026/switzerland
switzerland,Switzerland,19,GMX,9.0,https://datawrapper.dwcdn.net/YG80Q/1/ https://datawrapper.dwcdn.net/49BGV/2/,https://reutersinstitute.politics.ox.ac.uk/digital-news-report/2026/switzerland
turkey,Türkiye,1,Sondakika.com,27.0,https://datawrapper.dwcdn.net/VduVZ/3/,https://reutersinstitute.politics.ox.ac.uk/digital-news-report/2026/turkey
turkey,Türkiye,2,NOW TV News online,25.0,https://datawrapper.dwcdn.net/VduVZ/3/,https://reutersinstitute.politics.ox.ac.uk/digital-news-report/2026/turkey
turkey,Türkiye,3,Sözcü online,22.0,https://datawrapper.dwcdn.net/VduVZ/3/,https://reutersinstitute.politics.ox.ac.uk/digital-news-report/2026/turkey
turkey,Türkiye,4,Halk TV News online,19.0,https://datawrapper.dwcdn.net/VduVZ/3/,https://reutersinstitute.politics.ox.ac.uk/digital-news-report/2026/turkey
turkey,Türkiye,5,CNN Türk online,16.0,https://datawrapper.dwcdn.net/VduVZ/3/,https://reutersinstitute.politics.ox.ac.uk/digital-news-report/2026/turkey
turkey,Türkiye,6,Ensonhaber.com,16.0,https://datawrapper.dwcdn.net/VduVZ/3/,https://reutersinstitute.politics.ox.ac.uk/digital-news-report/2026/turkey
turkey,Türkiye,7,Haberler.com,15.0,https://datawrapper.dwcdn.net/VduVZ/3/,https://reutersinstitute.politics.ox.ac.uk/digital-news-report/2026/turkey
turkey,Türkiye,8,Habertürk online,15.0,https://datawrapper.dwcdn.net/VduVZ/3/,https://reutersinstitute.politics.ox.ac.uk/digital-news-report/2026/turkey
turkey,Türkiye,9,Mynet,15.0,https://datawrapper.dwcdn.net/VduVZ/3/,https://reutersinstitute.politics.ox.ac.uk/digital-news-report/2026/turkey
turkey,Türkiye,10,NTV online,15.0,https://datawrapper.dwcdn.net/VduVZ/3/,https://reutersinstitute.politics.ox.ac.uk/digital-news-report/2026/turkey
turkey,Türkiye,11,TRT News online,15.0,https://datawrapper.dwcdn.net/VduVZ/3/,https://reutersinstitute.politics.ox.ac.uk/digital-news-report/2026/turkey
turkey,Türkiye,12,Hürriyet online,14.0,https://datawrapper.dwcdn.net/VduVZ/3/,https://reutersinstitute.politics.ox.ac.uk/digital-news-report/2026/turkey
turkey,Türkiye,13,Onedio.com,14.0,https://datawrapper.dwcdn.net/VduVZ/3/,https://reutersinstitute.politics.ox.ac.uk/digital-news-report/2026/turkey
turkey,Türkiye,14,Show TV News online,14.0,https://datawrapper.dwcdn.net/VduVZ/3/,https://reutersinstitute.politics.ox.ac.uk/digital-news-report/2026/turkey
turkey,Türkiye,15,ATV News online,13.0,https://datawrapper.dwcdn.net/VduVZ/3/,https://reutersinstitute.politics.ox.ac.uk/digital-news-report/2026/turkey
turkey,Türkiye,16,Cumhuriyet online,13.0,https://datawrapper.dwcdn.net/VduVZ/3/,https://reutersinstitute.politics.ox.ac.uk/digital-news-report/2026/turkey
united-kingdom,United Kingdom,1,BBC News online,45.0,https://datawrapper.dwcdn.net/4jdq1/3/,https://reutersinstitute.politics.ox.ac.uk/digital-news-report/2026/united-kingdom
united-kingdom,United Kingdom,2,Guardian online,15.0,https://datawrapper.dwcdn.net/4jdq1/3/,https://reutersinstitute.politics.ox.ac.uk/digital-news-report/2026/united-kingdom
united-kingdom,United Kingdom,3,Sky News online,13.0,https://datawrapper.dwcdn.net/4jdq1/3/,https://reutersinstitute.politics.ox.ac.uk/digital-news-report/2026/united-kingdom
united-kingdom,United Kingdom,4,MailOnline,9.0,https://datawrapper.dwcdn.net/4jdq1/3/,https://reutersinstitute.politics.ox.ac.uk/digital-news-report/2026/united-kingdom
united-kingdom,United Kingdom,5,Other regional or local newspaper online,8.0,https://datawrapper.dwcdn.net/4jdq1/3/,https://reutersinstitute.politics.ox.ac.uk/digital-news-report/2026/united-kingdom
united-kingdom,United Kingdom,6,GB News online,7.0,https://datawrapper.dwcdn.net/4jdq1/3/,https://reutersinstitute.politics.ox.ac.uk/digital-news-report/2026/united-kingdom
united-kingdom,United Kingdom,7,Telegraph online,6.0,https://datawrapper.dwcdn.net/4jdq1/3/,https://reutersinstitute.politics.ox.ac.uk/digital-news-report/2026/united-kingdom
united-kingdom,United Kingdom,8,MSN News,5.0,https://datawrapper.dwcdn.net/4jdq1/3/,https://reutersinstitute.politics.ox.ac.uk/digital-news-report/2026/united-kingdom
united-kingdom,United Kingdom,9,ITV News online,4.0,https://datawrapper.dwcdn.net/4jdq1/3/,https://reutersinstitute.politics.ox.ac.uk/digital-news-report/2026/united-kingdom
united-kingdom,United Kingdom,10,Sun online,4.0,https://datawrapper.dwcdn.net/4jdq1/3/,https://reutersinstitute.politics.ox.ac.uk/digital-news-report/2026/united-kingdom
united-kingdom,United Kingdom,11,The Times online,4.0,https://datawrapper.dwcdn.net/4jdq1/3/,https://reutersinstitute.politics.ox.ac.uk/digital-news-report/2026/united-kingdom
united-kingdom,United Kingdom,12,Financial Times online,3.0,https://datawrapper.dwcdn.net/4jdq1/3/,https://reutersinstitute.politics.ox.ac.uk/digital-news-report/2026/united-kingdom
united-kingdom,United Kingdom,13,Metro online,3.0,https://datawrapper.dwcdn.net/4jdq1/3/,https://reutersinstitute.politics.ox.ac.uk/digital-news-report/2026/united-kingdom
united-kingdom,United Kingdom,14,Other commercial radio news online,3.0,https://datawrapper.dwcdn.net/4jdq1/3/,https://reutersinstitute.politics.ox.ac.uk/digital-news-report/2026/united-kingdom
united-kingdom,United Kingdom,15,The Lad Bible news,3.0,https://datawrapper.dwcdn.net/4jdq1/3/,https://reutersinstitute.politics.ox.ac.uk/digital-news-report/2026/united-kingdom
united-kingdom,United Kingdom,16,Yahoo! News,3.0,https://datawrapper.dwcdn.net/4jdq1/3/,https://reutersinstitute.politics.ox.ac.uk/digital-news-report/2026/united-kingdom
australia,Australia,1,ABC News online,27.0,https://datawrapper.dwcdn.net/VbvAV/2/,https://reutersinstitute.politics.ox.ac.uk/digital-news-report/2026/australia
australia,Australia,2,News.com.au,27.0,https://datawrapper.dwcdn.net/VbvAV/2/,https://reutersinstitute.politics.ox.ac.uk/digital-news-report/2026/australia
australia,Australia,3,Nine News online,17.0,https://datawrapper.dwcdn.net/VbvAV/2/,https://reutersinstitute.politics.ox.ac.uk/digital-news-report/2026/australia
australia,Australia,4,7News.com.au,16.0,https://datawrapper.dwcdn.net/VbvAV/2/,https://reutersinstitute.politics.ox.ac.uk/digital-news-report/2026/australia
australia,Australia,5,Guardian Australia online,16.0,https://datawrapper.dwcdn.net/VbvAV/2/,https://reutersinstitute.politics.ox.ac.uk/digital-news-report/2026/australia
australia,Australia,6,Sky News online,16.0,https://datawrapper.dwcdn.net/VbvAV/2/,https://reutersinstitute.politics.ox.ac.uk/digital-news-report/2026/australia
australia,Australia,7,BBC News online,15.0,https://datawrapper.dwcdn.net/VbvAV/2/,https://reutersinstitute.politics.ox.ac.uk/digital-news-report/2026/australia
australia,Australia,8,The Australian online,14.0,https://datawrapper.dwcdn.net/VbvAV/2/,https://reutersinstitute.politics.ox.ac.uk/digital-news-report/2026/australia
australia,Australia,9,CNN online,11.0,https://datawrapper.dwcdn.net/VbvAV/2/,https://reutersinstitute.politics.ox.ac.uk/digital-news-report/2026/australia
australia,Australia,10,Sydney Morning Herald online,11.0,https://datawrapper.dwcdn.net/VbvAV/2/,https://reutersinstitute.politics.ox.ac.uk/digital-news-report/2026/australia
australia,Australia,11,MailOnline,10.0,https://datawrapper.dwcdn.net/VbvAV/2/,https://reutersinstitute.politics.ox.ac.uk/digital-news-report/2026/australia
australia,Australia,12,Australian Financial Review online,9.0,https://datawrapper.dwcdn.net/VbvAV/2/,https://reutersinstitute.politics.ox.ac.uk/digital-news-report/2026/australia
australia,Australia,13,SBS News online,9.0,https://datawrapper.dwcdn.net/VbvAV/2/,https://reutersinstitute.politics.ox.ac.uk/digital-news-report/2026/australia
australia,Australia,14,Al Jazeera online,8.0,https://datawrapper.dwcdn.net/VbvAV/2/,https://reutersinstitute.politics.ox.ac.uk/digital-news-report/2026/australia
australia,Australia,15,Daily Telegraph online,8.0,https://datawrapper.dwcdn.net/VbvAV/2/,https://reutersinstitute.politics.ox.ac.uk/digital-news-report/2026/australia
australia,Australia,16,Herald Sun online,8.0,https://datawrapper.dwcdn.net/VbvAV/2/,https://reutersinstitute.politics.ox.ac.uk/digital-news-report/2026/australia
hong-kong,Hong Kong,1,TVB News online,34.0,https://datawrapper.dwcdn.net/tAxOj/3/,https://reutersinstitute.politics.ox.ac.uk/digital-news-report/2026/hong-kong
hong-kong,Hong Kong,2,Hk01.com,33.0,https://datawrapper.dwcdn.net/tAxOj/3/,https://reutersinstitute.politics.ox.ac.uk/digital-news-report/2026/hong-kong
hong-kong,Hong Kong,3,Yahoo! News,25.0,https://datawrapper.dwcdn.net/tAxOj/3/,https://reutersinstitute.politics.ox.ac.uk/digital-news-report/2026/hong-kong
hong-kong,Hong Kong,4,NowTV/ViuTV News online,18.0,https://datawrapper.dwcdn.net/tAxOj/3/,https://reutersinstitute.politics.ox.ac.uk/digital-news-report/2026/hong-kong
hong-kong,Hong Kong,5,Oriental Daily News online,17.0,https://datawrapper.dwcdn.net/tAxOj/3/,https://reutersinstitute.politics.ox.ac.uk/digital-news-report/2026/hong-kong
hong-kong,Hong Kong,6,AM730 online,15.0,https://datawrapper.dwcdn.net/tAxOj/3/,https://reutersinstitute.politics.ox.ac.uk/digital-news-report/2026/hong-kong
hong-kong,Hong Kong,7,RTHK News online,15.0,https://datawrapper.dwcdn.net/tAxOj/3/,https://reutersinstitute.politics.ox.ac.uk/digital-news-report/2026/hong-kong
hong-kong,Hong Kong,8,i-CABLE/HOY TV News online,12.0,https://datawrapper.dwcdn.net/tAxOj/3/,https://reutersinstitute.politics.ox.ac.uk/digital-news-report/2026/hong-kong
hong-kong,Hong Kong,9,stheadline.com,12.0,https://datawrapper.dwcdn.net/tAxOj/3/,https://reutersinstitute.politics.ox.ac.uk/digital-news-report/2026/hong-kong
hong-kong,Hong Kong,10,Commercial radio news online,11.0,https://datawrapper.dwcdn.net/tAxOj/3/,https://reutersinstitute.politics.ox.ac.uk/digital-news-report/2026/hong-kong
hong-kong,Hong Kong,11,Hong Kong Economic Times online,11.0,https://datawrapper.dwcdn.net/tAxOj/3/,https://reutersinstitute.politics.ox.ac.uk/digital-news-report/2026/hong-kong
hong-kong,Hong Kong,12,BBC News online,10.0,https://datawrapper.dwcdn.net/tAxOj/3/,https://reutersinstitute.politics.ox.ac.uk/digital-news-report/2026/hong-kong
hong-kong,Hong Kong,13,Bastillepost,9.0,https://datawrapper.dwcdn.net/tAxOj/3/,https://reutersinstitute.politics.ox.ac.uk/digital-news-report/2026/hong-kong
hong-kong,Hong Kong,14,In-media,9.0,https://datawrapper.dwcdn.net/tAxOj/3/,https://reutersinstitute.politics.ox.ac.uk/digital-news-report/2026/hong-kong
hong-kong,Hong Kong,15,Ming Pao online,9.0,https://datawrapper.dwcdn.net/tAxOj/3/,https://reutersinstitute.politics.ox.ac.uk/digital-news-report/2026/hong-kong
hong-kong,Hong Kong,16,South China Morning Post online,8.0,https://datawrapper.dwcdn.net/tAxOj/3/,https://reutersinstitute.politics.ox.ac.uk/digital-news-report/2026/hong-kong
india,India,1,NDTV online,29.0,https://datawrapper.dwcdn.net/vrPwD/3/,https://reutersinstitute.politics.ox.ac.uk/digital-news-report/2026/india
india,India,2,BBC News online,26.0,https://datawrapper.dwcdn.net/vrPwD/3/,https://reutersinstitute.politics.ox.ac.uk/digital-news-report/2026/india
india,India,3,India.com,24.0,https://datawrapper.dwcdn.net/vrPwD/3/,https://reutersinstitute.politics.ox.ac.uk/digital-news-report/2026/india
india,India,4,Republic TV online,21.0,https://datawrapper.dwcdn.net/vrPwD/3/,https://reutersinstitute.politics.ox.ac.uk/digital-news-report/2026/india
india,India,5,The Times of India online,21.0,https://datawrapper.dwcdn.net/vrPwD/3/,https://reutersinstitute.politics.ox.ac.uk/digital-news-report/2026/india
india,India,6,Hindustan Times online,20.0,https://datawrapper.dwcdn.net/vrPwD/3/,https://reutersinstitute.politics.ox.ac.uk/digital-news-report/2026/india
india,India,7,India Today online,19.0,https://datawrapper.dwcdn.net/vrPwD/3/,https://reutersinstitute.politics.ox.ac.uk/digital-news-report/2026/india
india,India,8,DD India online (public broadcaster),18.0,https://datawrapper.dwcdn.net/vrPwD/3/,https://reutersinstitute.politics.ox.ac.uk/digital-news-report/2026/india
india,India,9,Times Now online,18.0,https://datawrapper.dwcdn.net/vrPwD/3/,https://reutersinstitute.politics.ox.ac.uk/digital-news-report/2026/india
india,India,10,Dainik Bhaskar online,17.0,https://datawrapper.dwcdn.net/vrPwD/3/,https://reutersinstitute.politics.ox.ac.uk/digital-news-report/2026/india
india,India,11,The Hindu online,16.0,https://datawrapper.dwcdn.net/vrPwD/3/,https://reutersinstitute.politics.ox.ac.uk/digital-news-report/2026/india
india,India,12,CNN-News18 online,14.0,https://datawrapper.dwcdn.net/vrPwD/3/,https://reutersinstitute.politics.ox.ac.uk/digital-news-report/2026/india
india,India,13,The Indian Express online,13.0,https://datawrapper.dwcdn.net/vrPwD/3/,https://reutersinstitute.politics.ox.ac.uk/digital-news-report/2026/india
india,India,14,The Print,13.0,https://datawrapper.dwcdn.net/vrPwD/3/,https://reutersinstitute.politics.ox.ac.uk/digital-news-report/2026/india
india,India,15,The Economic Times online,12.0,https://datawrapper.dwcdn.net/vrPwD/3/,https://reutersinstitute.politics.ox.ac.uk/digital-news-report/2026/india
india,India,16,Firstpost,11.0,https://datawrapper.dwcdn.net/vrPwD/3/,https://reutersinstitute.politics.ox.ac.uk/digital-news-report/2026/india
indonesia,Indonesia,1,Detik.com,52.0,https://datawrapper.dwcdn.net/yXzYm/1/,https://reutersinstitute.politics.ox.ac.uk/digital-news-report/2026/indonesia
indonesia,Indonesia,2,Kompas online,43.0,https://datawrapper.dwcdn.net/yXzYm/1/,https://reutersinstitute.politics.ox.ac.uk/digital-news-report/2026/indonesia
indonesia,Indonesia,3,CNN Indonesia online,33.0,https://datawrapper.dwcdn.net/yXzYm/1/,https://reutersinstitute.politics.ox.ac.uk/digital-news-report/2026/indonesia
indonesia,Indonesia,4,Tribunnews online,29.0,https://datawrapper.dwcdn.net/yXzYm/1/,https://reutersinstitute.politics.ox.ac.uk/digital-news-report/2026/indonesia
indonesia,Indonesia,5,Metro TV News online,28.0,https://datawrapper.dwcdn.net/yXzYm/1/,https://reutersinstitute.politics.ox.ac.uk/digital-news-report/2026/indonesia
indonesia,Indonesia,6,TVOne News online,28.0,https://datawrapper.dwcdn.net/yXzYm/1/,https://reutersinstitute.politics.ox.ac.uk/digital-news-report/2026/indonesia
indonesia,Indonesia,7,Liputan 6 (SCTV News) online,25.0,https://datawrapper.dwcdn.net/yXzYm/1/,https://reutersinstitute.politics.ox.ac.uk/digital-news-report/2026/indonesia
indonesia,Indonesia,8,Kumparan.com,19.0,https://datawrapper.dwcdn.net/yXzYm/1/,https://reutersinstitute.politics.ox.ac.uk/digital-news-report/2026/indonesia
indonesia,Indonesia,9,Tempo.co,18.0,https://datawrapper.dwcdn.net/yXzYm/1/,https://reutersinstitute.politics.ox.ac.uk/digital-news-report/2026/indonesia
indonesia,Indonesia,10,Seputar Indonesia (RCTI News) online,15.0,https://datawrapper.dwcdn.net/yXzYm/1/,https://reutersinstitute.politics.ox.ac.uk/digital-news-report/2026/indonesia
indonesia,Indonesia,11,Okezone,14.0,https://datawrapper.dwcdn.net/yXzYm/1/,https://reutersinstitute.politics.ox.ac.uk/digital-news-report/2026/indonesia
indonesia,Indonesia,12,Merdeka.com,13.0,https://datawrapper.dwcdn.net/yXzYm/1/,https://reutersinstitute.politics.ox.ac.uk/digital-news-report/2026/indonesia
indonesia,Indonesia,13,Sindonews.com,12.0,https://datawrapper.dwcdn.net/yXzYm/1/,https://reutersinstitute.politics.ox.ac.uk/digital-news-report/2026/indonesia
indonesia,Indonesia,14,Viva.co.id,12.0,https://datawrapper.dwcdn.net/yXzYm/1/,https://reutersinstitute.politics.ox.ac.uk/digital-news-report/2026/indonesia
indonesia,Indonesia,15,BBC News online,11.0,https://datawrapper.dwcdn.net/yXzYm/1/,https://reutersinstitute.politics.ox.ac.uk/digital-news-report/2026/indonesia
indonesia,Indonesia,16,Jawa Pos online,11.0,https://datawrapper.dwcdn.net/yXzYm/1/,https://reutersinstitute.politics.ox.ac.uk/digital-news-report/2026/indonesia
japan,Japan,1,Yahoo! News,57.0,https://datawrapper.dwcdn.net/cYdUm/3/,https://reutersinstitute.politics.ox.ac.uk/digital-news-report/2026/japan
japan,Japan,2,LINE NEWS,18.0,https://datawrapper.dwcdn.net/cYdUm/3/,https://reutersinstitute.politics.ox.ac.uk/digital-news-report/2026/japan
japan,Japan,3,NHK News online,13.0,https://datawrapper.dwcdn.net/cYdUm/3/,https://reutersinstitute.politics.ox.ac.uk/digital-news-report/2026/japan
japan,Japan,4,Nippon TV News online,12.0,https://datawrapper.dwcdn.net/cYdUm/3/,https://reutersinstitute.politics.ox.ac.uk/digital-news-report/2026/japan
japan,Japan,5,TBS News online,10.0,https://datawrapper.dwcdn.net/cYdUm/3/,https://reutersinstitute.politics.ox.ac.uk/digital-news-report/2026/japan
japan,Japan,6,TV Asahi News online,10.0,https://datawrapper.dwcdn.net/cYdUm/3/,https://reutersinstitute.politics.ox.ac.uk/digital-news-report/2026/japan
japan,Japan,7,Fuji TV News online,8.0,https://datawrapper.dwcdn.net/cYdUm/3/,https://reutersinstitute.politics.ox.ac.uk/digital-news-report/2026/japan
japan,Japan,8,Asahi Shimbun Digital,6.0,https://datawrapper.dwcdn.net/cYdUm/3/,https://reutersinstitute.politics.ox.ac.uk/digital-news-report/2026/japan
japan,Japan,9,Nikkei online,6.0,https://datawrapper.dwcdn.net/cYdUm/3/,https://reutersinstitute.politics.ox.ac.uk/digital-news-report/2026/japan
japan,Japan,10,Yomiuri Shimbun online,6.0,https://datawrapper.dwcdn.net/cYdUm/3/,https://reutersinstitute.politics.ox.ac.uk/digital-news-report/2026/japan
japan,Japan,11,Other regional or local newspaper online,5.0,https://datawrapper.dwcdn.net/cYdUm/3/,https://reutersinstitute.politics.ox.ac.uk/digital-news-report/2026/japan
japan,Japan,12,TV Tokyo News online,5.0,https://datawrapper.dwcdn.net/cYdUm/3/,https://reutersinstitute.politics.ox.ac.uk/digital-news-report/2026/japan
japan,Japan,13,Abema TV,4.0,https://datawrapper.dwcdn.net/cYdUm/3/,https://reutersinstitute.politics.ox.ac.uk/digital-news-report/2026/japan
japan,Japan,14,Commercial radio news online,4.0,https://datawrapper.dwcdn.net/cYdUm/3/,https://reutersinstitute.politics.ox.ac.uk/digital-news-report/2026/japan
japan,Japan,15,Sankei News online,4.0,https://datawrapper.dwcdn.net/cYdUm/3/,https://reutersinstitute.politics.ox.ac.uk/digital-news-report/2026/japan
japan,Japan,16,Toyo Keizai online,4.0,https://datawrapper.dwcdn.net/cYdUm/3/,https://reutersinstitute.politics.ox.ac.uk/digital-news-report/2026/japan
malaysia,Malaysia,1,Malaysiakini,45.0,https://datawrapper.dwcdn.net/Pa9my/2/,https://reutersinstitute.politics.ox.ac.uk/digital-news-report/2026/malaysia
malaysia,Malaysia,2,Astro Awani online,38.0,https://datawrapper.dwcdn.net/Pa9my/2/,https://reutersinstitute.politics.ox.ac.uk/digital-news-report/2026/malaysia
malaysia,Malaysia,3,Berita Harian online,27.0,https://datawrapper.dwcdn.net/Pa9my/2/,https://reutersinstitute.politics.ox.ac.uk/digital-news-report/2026/malaysia
malaysia,Malaysia,4,Harian Metro online,26.0,https://datawrapper.dwcdn.net/Pa9my/2/,https://reutersinstitute.politics.ox.ac.uk/digital-news-report/2026/malaysia
malaysia,Malaysia,5,Sinar Harian online,23.0,https://datawrapper.dwcdn.net/Pa9my/2/,https://reutersinstitute.politics.ox.ac.uk/digital-news-report/2026/malaysia
malaysia,Malaysia,6,Siakap Keli,22.0,https://datawrapper.dwcdn.net/Pa9my/2/,https://reutersinstitute.politics.ox.ac.uk/digital-news-report/2026/malaysia
malaysia,Malaysia,7,The Star online,20.0,https://datawrapper.dwcdn.net/Pa9my/2/,https://reutersinstitute.politics.ox.ac.uk/digital-news-report/2026/malaysia
malaysia,Malaysia,8,Bernama.com,19.0,https://datawrapper.dwcdn.net/Pa9my/2/,https://reutersinstitute.politics.ox.ac.uk/digital-news-report/2026/malaysia
malaysia,Malaysia,9,Utusan Malaysia online,18.0,https://datawrapper.dwcdn.net/Pa9my/2/,https://reutersinstitute.politics.ox.ac.uk/digital-news-report/2026/malaysia
malaysia,Malaysia,10,Free Malaysia Today,15.0,https://datawrapper.dwcdn.net/Pa9my/2/,https://reutersinstitute.politics.ox.ac.uk/digital-news-report/2026/malaysia
malaysia,Malaysia,11,BBC News online,11.0,https://datawrapper.dwcdn.net/Pa9my/2/,https://reutersinstitute.politics.ox.ac.uk/digital-news-report/2026/malaysia
malaysia,Malaysia,12,MalaysiaNow,11.0,https://datawrapper.dwcdn.net/Pa9my/2/,https://reutersinstitute.politics.ox.ac.uk/digital-news-report/2026/malaysia
malaysia,Malaysia,13,Yahoo! News,11.0,https://datawrapper.dwcdn.net/Pa9my/2/,https://reutersinstitute.politics.ox.ac.uk/digital-news-report/2026/malaysia
malaysia,Malaysia,14,CNN.com,10.0,https://datawrapper.dwcdn.net/Pa9my/2/,https://reutersinstitute.politics.ox.ac.uk/digital-news-report/2026/malaysia
malaysia,Malaysia,15,Malay Mail online,8.0,https://datawrapper.dwcdn.net/Pa9my/2/,https://reutersinstitute.politics.ox.ac.uk/digital-news-report/2026/malaysia
malaysia,Malaysia,16,Sin Chew online,7.0,https://datawrapper.dwcdn.net/Pa9my/2/,https://reutersinstitute.politics.ox.ac.uk/digital-news-report/2026/malaysia
philippines,Philippines,1,GMA News online,49.0,https://datawrapper.dwcdn.net/FfqIo/4/,https://reutersinstitute.politics.ox.ac.uk/digital-news-report/2026/philippines
philippines,Philippines,2,ABS-CBN News online,43.0,https://datawrapper.dwcdn.net/FfqIo/4/,https://reutersinstitute.politics.ox.ac.uk/digital-news-report/2026/philippines
philippines,Philippines,3,Philippine Daily Inquirer online,29.0,https://datawrapper.dwcdn.net/FfqIo/4/,https://reutersinstitute.politics.ox.ac.uk/digital-news-report/2026/philippines
philippines,Philippines,4,Rappler,24.0,https://datawrapper.dwcdn.net/FfqIo/4/,https://reutersinstitute.politics.ox.ac.uk/digital-news-report/2026/philippines
philippines,Philippines,5,TV5 News online,24.0,https://datawrapper.dwcdn.net/FfqIo/4/,https://reutersinstitute.politics.ox.ac.uk/digital-news-report/2026/philippines
philippines,Philippines,6,The Philippine Star online,20.0,https://datawrapper.dwcdn.net/FfqIo/4/,https://reutersinstitute.politics.ox.ac.uk/digital-news-report/2026/philippines
philippines,Philippines,7,Manila Bulletin online,16.0,https://datawrapper.dwcdn.net/FfqIo/4/,https://reutersinstitute.politics.ox.ac.uk/digital-news-report/2026/philippines
philippines,Philippines,8,Bilyonaryo (incl. Bilyonaryo News Channel) online,15.0,https://datawrapper.dwcdn.net/FfqIo/4/,https://reutersinstitute.politics.ox.ac.uk/digital-news-report/2026/philippines
philippines,Philippines,9,PEP.ph,14.0,https://datawrapper.dwcdn.net/FfqIo/4/,https://reutersinstitute.politics.ox.ac.uk/digital-news-report/2026/philippines
philippines,Philippines,10,Yahoo! News,14.0,https://datawrapper.dwcdn.net/FfqIo/4/,https://reutersinstitute.politics.ox.ac.uk/digital-news-report/2026/philippines
philippines,Philippines,11,Other local radio news online,13.0,https://datawrapper.dwcdn.net/FfqIo/4/,https://reutersinstitute.politics.ox.ac.uk/digital-news-report/2026/philippines
philippines,Philippines,12,Manila Times online,10.0,https://datawrapper.dwcdn.net/FfqIo/4/,https://reutersinstitute.politics.ox.ac.uk/digital-news-report/2026/philippines
philippines,Philippines,13,BBC News online,9.0,https://datawrapper.dwcdn.net/FfqIo/4/,https://reutersinstitute.politics.ox.ac.uk/digital-news-report/2026/philippines
philippines,Philippines,14,DZRH online,9.0,https://datawrapper.dwcdn.net/FfqIo/4/,https://reutersinstitute.politics.ox.ac.uk/digital-news-report/2026/philippines
philippines,Philippines,15,MSN News,9.0,https://datawrapper.dwcdn.net/FfqIo/4/,https://reutersinstitute.politics.ox.ac.uk/digital-news-report/2026/philippines
philippines,Philippines,16,SunStar online,8.0,https://datawrapper.dwcdn.net/FfqIo/4/,https://reutersinstitute.politics.ox.ac.uk/digital-news-report/2026/philippines
singapore,Singapore,1,Channel News Asia online,47.0,https://datawrapper.dwcdn.net/UTYxS/4/,https://reutersinstitute.politics.ox.ac.uk/digital-news-report/2026/singapore
singapore,Singapore,2,Mothership.sg,45.0,https://datawrapper.dwcdn.net/UTYxS/4/,https://reutersinstitute.politics.ox.ac.uk/digital-news-report/2026/singapore
singapore,Singapore,3,Straits Times online,44.0,https://datawrapper.dwcdn.net/UTYxS/4/,https://reutersinstitute.politics.ox.ac.uk/digital-news-report/2026/singapore
singapore,Singapore,4,Yahoo! News,20.0,https://datawrapper.dwcdn.net/UTYxS/4/,https://reutersinstitute.politics.ox.ac.uk/digital-news-report/2026/singapore
singapore,Singapore,5,AsiaOne.com,18.0,https://datawrapper.dwcdn.net/UTYxS/4/,https://reutersinstitute.politics.ox.ac.uk/digital-news-report/2026/singapore
singapore,Singapore,6,STOMP,17.0,https://datawrapper.dwcdn.net/UTYxS/4/,https://reutersinstitute.politics.ox.ac.uk/digital-news-report/2026/singapore
singapore,Singapore,7,CNN online,16.0,https://datawrapper.dwcdn.net/UTYxS/4/,https://reutersinstitute.politics.ox.ac.uk/digital-news-report/2026/singapore
singapore,Singapore,8,BBC News online,15.0,https://datawrapper.dwcdn.net/UTYxS/4/,https://reutersinstitute.politics.ox.ac.uk/digital-news-report/2026/singapore
singapore,Singapore,9,Mustsharenews.com,14.0,https://datawrapper.dwcdn.net/UTYxS/4/,https://reutersinstitute.politics.ox.ac.uk/digital-news-report/2026/singapore
singapore,Singapore,10,The Business Times online,10.0,https://datawrapper.dwcdn.net/UTYxS/4/,https://reutersinstitute.politics.ox.ac.uk/digital-news-report/2026/singapore
singapore,Singapore,11,The Online Citizen,10.0,https://datawrapper.dwcdn.net/UTYxS/4/,https://reutersinstitute.politics.ox.ac.uk/digital-news-report/2026/singapore
singapore,Singapore,12,Bloomberg,9.0,https://datawrapper.dwcdn.net/UTYxS/4/,https://reutersinstitute.politics.ox.ac.uk/digital-news-report/2026/singapore
singapore,Singapore,13,8world News,8.0,https://datawrapper.dwcdn.net/UTYxS/4/,https://reutersinstitute.politics.ox.ac.uk/digital-news-report/2026/singapore
singapore,Singapore,14,All Singapore Stuff,8.0,https://datawrapper.dwcdn.net/UTYxS/4/,https://reutersinstitute.politics.ox.ac.uk/digital-news-report/2026/singapore
singapore,Singapore,15,The Independent Singapore,7.0,https://datawrapper.dwcdn.net/UTYxS/4/,https://reutersinstitute.politics.ox.ac.uk/digital-news-report/2026/singapore
singapore,Singapore,16,Zaobao online,7.0,https://datawrapper.dwcdn.net/UTYxS/4/,https://reutersinstitute.politics.ox.ac.uk/digital-news-report/2026/singapore
south-korea,South Korea,1,Naver (news portal),56.0,https://datawrapper.dwcdn.net/qKMdo/3/,https://reutersinstitute.politics.ox.ac.uk/digital-news-report/2026/south-korea
south-korea,South Korea,2,MBC News online,27.0,https://datawrapper.dwcdn.net/qKMdo/3/,https://reutersinstitute.politics.ox.ac.uk/digital-news-report/2026/south-korea
south-korea,South Korea,3,YTN online,24.0,https://datawrapper.dwcdn.net/qKMdo/3/,https://reutersinstitute.politics.ox.ac.uk/digital-news-report/2026/south-korea
south-korea,South Korea,4,KBS News online,23.0,https://datawrapper.dwcdn.net/qKMdo/3/,https://reutersinstitute.politics.ox.ac.uk/digital-news-report/2026/south-korea
south-korea,South Korea,5,JTBC News online,22.0,https://datawrapper.dwcdn.net/qKMdo/3/,https://reutersinstitute.politics.ox.ac.uk/digital-news-report/2026/south-korea
south-korea,South Korea,6,SBS News online,21.0,https://datawrapper.dwcdn.net/qKMdo/3/,https://reutersinstitute.politics.ox.ac.uk/digital-news-report/2026/south-korea
south-korea,South Korea,7,Daum (news portal),20.0,https://datawrapper.dwcdn.net/qKMdo/3/,https://reutersinstitute.politics.ox.ac.uk/digital-news-report/2026/south-korea
south-korea,South Korea,8,YonhapNews TV online,20.0,https://datawrapper.dwcdn.net/qKMdo/3/,https://reutersinstitute.politics.ox.ac.uk/digital-news-report/2026/south-korea
south-korea,South Korea,9,Yonhap News online,15.0,https://datawrapper.dwcdn.net/qKMdo/3/,https://reutersinstitute.politics.ox.ac.uk/digital-news-report/2026/south-korea
south-korea,South Korea,10,Chosun Ilbo online,14.0,https://datawrapper.dwcdn.net/qKMdo/3/,https://reutersinstitute.politics.ox.ac.uk/digital-news-report/2026/south-korea
south-korea,South Korea,11,TV Chosun online,14.0,https://datawrapper.dwcdn.net/qKMdo/3/,https://reutersinstitute.politics.ox.ac.uk/digital-news-report/2026/south-korea
south-korea,South Korea,12,MBN (Maeil Broadcsast Network) online,12.0,https://datawrapper.dwcdn.net/qKMdo/3/,https://reutersinstitute.politics.ox.ac.uk/digital-news-report/2026/south-korea
south-korea,South Korea,13,Hankyoreh online,11.0,https://datawrapper.dwcdn.net/qKMdo/3/,https://reutersinstitute.politics.ox.ac.uk/digital-news-report/2026/south-korea
south-korea,South Korea,14,Korean Economic Daily online,11.0,https://datawrapper.dwcdn.net/qKMdo/3/,https://reutersinstitute.politics.ox.ac.uk/digital-news-report/2026/south-korea
south-korea,South Korea,15,Channel A News online,10.0,https://datawrapper.dwcdn.net/qKMdo/3/,https://reutersinstitute.politics.ox.ac.uk/digital-news-report/2026/south-korea
south-korea,South Korea,16,Joongang Ilbo online,10.0,https://datawrapper.dwcdn.net/qKMdo/3/,https://reutersinstitute.politics.ox.ac.uk/digital-news-report/2026/south-korea
taiwan,Taiwan,1,Yahoo! News,45.0,https://datawrapper.dwcdn.net/yGWF3/5/,https://reutersinstitute.politics.ox.ac.uk/digital-news-report/2026/taiwan
taiwan,Taiwan,2,ETtoday online,38.0,https://datawrapper.dwcdn.net/yGWF3/5/,https://reutersinstitute.politics.ox.ac.uk/digital-news-report/2026/taiwan
taiwan,Taiwan,3,Television Broadcasts Satellite News online,31.0,https://datawrapper.dwcdn.net/yGWF3/5/,https://reutersinstitute.politics.ox.ac.uk/digital-news-report/2026/taiwan
taiwan,Taiwan,4,Eastern Broadcasting News online,23.0,https://datawrapper.dwcdn.net/yGWF3/5/,https://reutersinstitute.politics.ox.ac.uk/digital-news-report/2026/taiwan
taiwan,Taiwan,5,Sanlih E-Television News online,20.0,https://datawrapper.dwcdn.net/yGWF3/5/,https://reutersinstitute.politics.ox.ac.uk/digital-news-report/2026/taiwan
taiwan,Taiwan,6,Liberty Times online,18.0,https://datawrapper.dwcdn.net/yGWF3/5/,https://reutersinstitute.politics.ox.ac.uk/digital-news-report/2026/taiwan
taiwan,Taiwan,7,Storm Media,16.0,https://datawrapper.dwcdn.net/yGWF3/5/,https://reutersinstitute.politics.ox.ac.uk/digital-news-report/2026/taiwan
taiwan,Taiwan,8,ChungTien News online,14.0,https://datawrapper.dwcdn.net/yGWF3/5/,https://reutersinstitute.politics.ox.ac.uk/digital-news-report/2026/taiwan
taiwan,Taiwan,9,United Daily News online,14.0,https://datawrapper.dwcdn.net/yGWF3/5/,https://reutersinstitute.politics.ox.ac.uk/digital-news-report/2026/taiwan
taiwan,Taiwan,10,Taiwan Television News online,12.0,https://datawrapper.dwcdn.net/yGWF3/5/,https://reutersinstitute.politics.ox.ac.uk/digital-news-report/2026/taiwan
taiwan,Taiwan,11,China TV News online,11.0,https://datawrapper.dwcdn.net/yGWF3/5/,https://reutersinstitute.politics.ox.ac.uk/digital-news-report/2026/taiwan
taiwan,Taiwan,12,China Times online,11.0,https://datawrapper.dwcdn.net/yGWF3/5/,https://reutersinstitute.politics.ox.ac.uk/digital-news-report/2026/taiwan
taiwan,Taiwan,13,Business Weekly online,9.0,https://datawrapper.dwcdn.net/yGWF3/5/,https://reutersinstitute.politics.ox.ac.uk/digital-news-report/2026/taiwan
taiwan,Taiwan,14,Chinese Television System News online,9.0,https://datawrapper.dwcdn.net/yGWF3/5/,https://reutersinstitute.politics.ox.ac.uk/digital-news-report/2026/taiwan
taiwan,Taiwan,15,Public Television Service News online,9.0,https://datawrapper.dwcdn.net/yGWF3/5/,https://reutersinstitute.politics.ox.ac.uk/digital-news-report/2026/taiwan
taiwan,Taiwan,16,cnYes.com,9.0,https://datawrapper.dwcdn.net/yGWF3/5/,https://reutersinstitute.politics.ox.ac.uk/digital-news-report/2026/taiwan
thailand,Thailand,1,Thai Rath online,47.0,https://datawrapper.dwcdn.net/RmFBv/5/,https://reutersinstitute.politics.ox.ac.uk/digital-news-report/2026/thailand
thailand,Thailand,2,Khaosod online,26.0,https://datawrapper.dwcdn.net/RmFBv/5/,https://reutersinstitute.politics.ox.ac.uk/digital-news-report/2026/thailand
thailand,Thailand,3,ThaiPBS News online,26.0,https://datawrapper.dwcdn.net/RmFBv/5/,https://reutersinstitute.politics.ox.ac.uk/digital-news-report/2026/thailand
thailand,Thailand,4,Workpoint Today,24.0,https://datawrapper.dwcdn.net/RmFBv/5/,https://reutersinstitute.politics.ox.ac.uk/digital-news-report/2026/thailand
thailand,Thailand,5,The Reporter Thailand,22.0,https://datawrapper.dwcdn.net/RmFBv/5/,https://reutersinstitute.politics.ox.ac.uk/digital-news-report/2026/thailand
thailand,Thailand,6,PPTV online,20.0,https://datawrapper.dwcdn.net/RmFBv/5/,https://reutersinstitute.politics.ox.ac.uk/digital-news-report/2026/thailand
thailand,Thailand,7,Matichon online,16.0,https://datawrapper.dwcdn.net/RmFBv/5/,https://reutersinstitute.politics.ox.ac.uk/digital-news-report/2026/thailand
thailand,Thailand,8,MCOT News Network online,15.0,https://datawrapper.dwcdn.net/RmFBv/5/,https://reutersinstitute.politics.ox.ac.uk/digital-news-report/2026/thailand
thailand,Thailand,9,Nation online,13.0,https://datawrapper.dwcdn.net/RmFBv/5/,https://reutersinstitute.politics.ox.ac.uk/digital-news-report/2026/thailand
thailand,Thailand,10,BBC News online,11.0,https://datawrapper.dwcdn.net/RmFBv/5/,https://reutersinstitute.politics.ox.ac.uk/digital-news-report/2026/thailand
thailand,Thailand,11,Prachatai,10.0,https://datawrapper.dwcdn.net/RmFBv/5/,https://reutersinstitute.politics.ox.ac.uk/digital-news-report/2026/thailand
thailand,Thailand,12,Bangkok Post online,9.0,https://datawrapper.dwcdn.net/RmFBv/5/,https://reutersinstitute.politics.ox.ac.uk/digital-news-report/2026/thailand
thailand,Thailand,13,Manager online,9.0,https://datawrapper.dwcdn.net/RmFBv/5/,https://reutersinstitute.politics.ox.ac.uk/digital-news-report/2026/thailand
thailand,Thailand,14,Siam Sport,9.0,https://datawrapper.dwcdn.net/RmFBv/5/,https://reutersinstitute.politics.ox.ac.uk/digital-news-report/2026/thailand
thailand,Thailand,15,The Standard Thailand,8.0,https://datawrapper.dwcdn.net/RmFBv/5/,https://reutersinstitute.politics.ox.ac.uk/digital-news-report/2026/thailand
thailand,Thailand,16,Voice TV online,7.0,https://datawrapper.dwcdn.net/RmFBv/5/,https://reutersinstitute.politics.ox.ac.uk/digital-news-report/2026/thailand
kenya,Kenya,1,Tuko.co.ke,62.0,https://datawrapper.dwcdn.net/MRY98/3/,https://reutersinstitute.politics.ox.ac.uk/digital-news-report/2026/kenya
kenya,Kenya,2,Citizen TV online,57.0,https://datawrapper.dwcdn.net/MRY98/3/,https://reutersinstitute.politics.ox.ac.uk/digital-news-report/2026/kenya
kenya,Kenya,3,Kenyans.co.ke,42.0,https://datawrapper.dwcdn.net/MRY98/3/,https://reutersinstitute.politics.ox.ac.uk/digital-news-report/2026/kenya
kenya,Kenya,4,Daily Nation online,41.0,https://datawrapper.dwcdn.net/MRY98/3/,https://reutersinstitute.politics.ox.ac.uk/digital-news-report/2026/kenya
kenya,Kenya,5,The Standard online,34.0,https://datawrapper.dwcdn.net/MRY98/3/,https://reutersinstitute.politics.ox.ac.uk/digital-news-report/2026/kenya
kenya,Kenya,6,NTV online,27.0,https://datawrapper.dwcdn.net/MRY98/3/,https://reutersinstitute.politics.ox.ac.uk/digital-news-report/2026/kenya
kenya,Kenya,7,Nairobi News,25.0,https://datawrapper.dwcdn.net/MRY98/3/,https://reutersinstitute.politics.ox.ac.uk/digital-news-report/2026/kenya
kenya,Kenya,8,BBC News online,24.0,https://datawrapper.dwcdn.net/MRY98/3/,https://reutersinstitute.politics.ox.ac.uk/digital-news-report/2026/kenya
kenya,Kenya,9,KTN online,23.0,https://datawrapper.dwcdn.net/MRY98/3/,https://reutersinstitute.politics.ox.ac.uk/digital-news-report/2026/kenya
kenya,Kenya,10,The Star online,22.0,https://datawrapper.dwcdn.net/MRY98/3/,https://reutersinstitute.politics.ox.ac.uk/digital-news-report/2026/kenya
kenya,Kenya,11,Al Jazeera online,21.0,https://datawrapper.dwcdn.net/MRY98/3/,https://reutersinstitute.politics.ox.ac.uk/digital-news-report/2026/kenya
kenya,Kenya,12,CNN.com,21.0,https://datawrapper.dwcdn.net/MRY98/3/,https://reutersinstitute.politics.ox.ac.uk/digital-news-report/2026/kenya
kenya,Kenya,13,Business Daily online,19.0,https://datawrapper.dwcdn.net/MRY98/3/,https://reutersinstitute.politics.ox.ac.uk/digital-news-report/2026/kenya
kenya,Kenya,14,Nairobian online,18.0,https://datawrapper.dwcdn.net/MRY98/3/,https://reutersinstitute.politics.ox.ac.uk/digital-news-report/2026/kenya
kenya,Kenya,15,Citizen Radio online,17.0,https://datawrapper.dwcdn.net/MRY98/3/,https://reutersinstitute.politics.ox.ac.uk/digital-news-report/2026/kenya
kenya,Kenya,16,TV47 online,17.0,https://datawrapper.dwcdn.net/MRY98/3/,https://reutersinstitute.politics.ox.ac.uk/digital-news-report/2026/kenya
morocco,Morocco,1,Hespress,52.0,https://datawrapper.dwcdn.net/GyBVi/3/,https://reutersinstitute.politics.ox.ac.uk/digital-news-report/2026/morocco
morocco,Morocco,2,Hibapress,29.0,https://datawrapper.dwcdn.net/GyBVi/3/,https://reutersinstitute.politics.ox.ac.uk/digital-news-report/2026/morocco
morocco,Morocco,3,Chouf TV,26.0,https://datawrapper.dwcdn.net/GyBVi/3/,https://reutersinstitute.politics.ox.ac.uk/digital-news-report/2026/morocco
morocco,Morocco,4,2M online,25.0,https://datawrapper.dwcdn.net/GyBVi/3/,https://reutersinstitute.politics.ox.ac.uk/digital-news-report/2026/morocco
morocco,Morocco,5,Al Jazeera online,24.0,https://datawrapper.dwcdn.net/GyBVi/3/,https://reutersinstitute.politics.ox.ac.uk/digital-news-report/2026/morocco
morocco,Morocco,6,Le360,18.0,https://datawrapper.dwcdn.net/GyBVi/3/,https://reutersinstitute.politics.ox.ac.uk/digital-news-report/2026/morocco
morocco,Morocco,7,Al Aoula online,17.0,https://datawrapper.dwcdn.net/GyBVi/3/,https://reutersinstitute.politics.ox.ac.uk/digital-news-report/2026/morocco
morocco,Morocco,8,Medi 1 TV online,16.0,https://datawrapper.dwcdn.net/GyBVi/3/,https://reutersinstitute.politics.ox.ac.uk/digital-news-report/2026/morocco
morocco,Morocco,9,Al Ahdath Al Maghribia online,15.0,https://datawrapper.dwcdn.net/GyBVi/3/,https://reutersinstitute.politics.ox.ac.uk/digital-news-report/2026/morocco
morocco,Morocco,10,Al Yaoum 24 online,15.0,https://datawrapper.dwcdn.net/GyBVi/3/,https://reutersinstitute.politics.ox.ac.uk/digital-news-report/2026/morocco
morocco,Morocco,11,Assabah online,14.0,https://datawrapper.dwcdn.net/GyBVi/3/,https://reutersinstitute.politics.ox.ac.uk/digital-news-report/2026/morocco
morocco,Morocco,12,Medi 1 Radio online,13.0,https://datawrapper.dwcdn.net/GyBVi/3/,https://reutersinstitute.politics.ox.ac.uk/digital-news-report/2026/morocco
morocco,Morocco,13,Akhbarona,12.0,https://datawrapper.dwcdn.net/GyBVi/3/,https://reutersinstitute.politics.ox.ac.uk/digital-news-report/2026/morocco
morocco,Morocco,14,Al3omk,12.0,https://datawrapper.dwcdn.net/GyBVi/3/,https://reutersinstitute.politics.ox.ac.uk/digital-news-report/2026/morocco
morocco,Morocco,15,Médias24,12.0,https://datawrapper.dwcdn.net/GyBVi/3/,https://reutersinstitute.politics.ox.ac.uk/digital-news-report/2026/morocco
morocco,Morocco,16,Other regional or local newspaper online,11.0,https://datawrapper.dwcdn.net/GyBVi/3/,https://reutersinstitute.politics.ox.ac.uk/digital-news-report/2026/morocco
nigeria,Nigeria,1,BBC News online,44.0,https://datawrapper.dwcdn.net/hyMGH/3/,https://reutersinstitute.politics.ox.ac.uk/digital-news-report/2026/nigeria
nigeria,Nigeria,2,Legit.ng,40.0,https://datawrapper.dwcdn.net/hyMGH/3/,https://reutersinstitute.politics.ox.ac.uk/digital-news-report/2026/nigeria
nigeria,Nigeria,3,Pulse.ng,40.0,https://datawrapper.dwcdn.net/hyMGH/3/,https://reutersinstitute.politics.ox.ac.uk/digital-news-report/2026/nigeria
nigeria,Nigeria,4,Punch online,39.0,https://datawrapper.dwcdn.net/hyMGH/3/,https://reutersinstitute.politics.ox.ac.uk/digital-news-report/2026/nigeria
nigeria,Nigeria,5,CNN.com,36.0,https://datawrapper.dwcdn.net/hyMGH/3/,https://reutersinstitute.politics.ox.ac.uk/digital-news-report/2026/nigeria
nigeria,Nigeria,6,Vanguard online,35.0,https://datawrapper.dwcdn.net/hyMGH/3/,https://reutersinstitute.politics.ox.ac.uk/digital-news-report/2026/nigeria
nigeria,Nigeria,7,Daily Trust online,32.0,https://datawrapper.dwcdn.net/hyMGH/3/,https://reutersinstitute.politics.ox.ac.uk/digital-news-report/2026/nigeria
nigeria,Nigeria,8,Arise TV online,31.0,https://datawrapper.dwcdn.net/hyMGH/3/,https://reutersinstitute.politics.ox.ac.uk/digital-news-report/2026/nigeria
nigeria,Nigeria,9,TVC News online,29.0,https://datawrapper.dwcdn.net/hyMGH/3/,https://reutersinstitute.politics.ox.ac.uk/digital-news-report/2026/nigeria
nigeria,Nigeria,10,Channels Television online,28.0,https://datawrapper.dwcdn.net/hyMGH/3/,https://reutersinstitute.politics.ox.ac.uk/digital-news-report/2026/nigeria
nigeria,Nigeria,11,News24,28.0,https://datawrapper.dwcdn.net/hyMGH/3/,https://reutersinstitute.politics.ox.ac.uk/digital-news-report/2026/nigeria
nigeria,Nigeria,12,Sahara Reporters,28.0,https://datawrapper.dwcdn.net/hyMGH/3/,https://reutersinstitute.politics.ox.ac.uk/digital-news-report/2026/nigeria
nigeria,Nigeria,13,Daily Post online,26.0,https://datawrapper.dwcdn.net/hyMGH/3/,https://reutersinstitute.politics.ox.ac.uk/digital-news-report/2026/nigeria
nigeria,Nigeria,14,Nigerian Television Authority (NTA) online,19.0,https://datawrapper.dwcdn.net/hyMGH/3/,https://reutersinstitute.politics.ox.ac.uk/digital-news-report/2026/nigeria
nigeria,Nigeria,15,Wazobia FM online,18.0,https://datawrapper.dwcdn.net/hyMGH/3/,https://reutersinstitute.politics.ox.ac.uk/digital-news-report/2026/nigeria
nigeria,Nigeria,16,THISDAY LIVE,17.0,https://datawrapper.dwcdn.net/hyMGH/3/,https://reutersinstitute.politics.ox.ac.uk/digital-news-report/2026/nigeria
south-africa,South Africa,1,News24,61.0,https://datawrapper.dwcdn.net/vKvmI/4/,https://reutersinstitute.politics.ox.ac.uk/digital-news-report/2026/south-africa
south-africa,South Africa,2,eNCA online,52.0,https://datawrapper.dwcdn.net/vKvmI/4/,https://reutersinstitute.politics.ox.ac.uk/digital-news-report/2026/south-africa
south-africa,South Africa,3,SABC News online,43.0,https://datawrapper.dwcdn.net/vKvmI/4/,https://reutersinstitute.politics.ox.ac.uk/digital-news-report/2026/south-africa
south-africa,South Africa,4,Daily Sun online,29.0,https://datawrapper.dwcdn.net/vKvmI/4/,https://reutersinstitute.politics.ox.ac.uk/digital-news-report/2026/south-africa
south-africa,South Africa,5,BBC News online,23.0,https://datawrapper.dwcdn.net/vKvmI/4/,https://reutersinstitute.politics.ox.ac.uk/digital-news-report/2026/south-africa
south-africa,South Africa,6,CNN.com,20.0,https://datawrapper.dwcdn.net/vKvmI/4/,https://reutersinstitute.politics.ox.ac.uk/digital-news-report/2026/south-africa
south-africa,South Africa,7,The South African,18.0,https://datawrapper.dwcdn.net/vKvmI/4/,https://reutersinstitute.politics.ox.ac.uk/digital-news-report/2026/south-africa
south-africa,South Africa,8,The Citizen online,16.0,https://datawrapper.dwcdn.net/vKvmI/4/,https://reutersinstitute.politics.ox.ac.uk/digital-news-report/2026/south-africa
south-africa,South Africa,9,Daily Maverick,15.0,https://datawrapper.dwcdn.net/vKvmI/4/,https://reutersinstitute.politics.ox.ac.uk/digital-news-report/2026/south-africa
south-africa,South Africa,10,Netwerk24 online,14.0,https://datawrapper.dwcdn.net/vKvmI/4/,https://reutersinstitute.politics.ox.ac.uk/digital-news-report/2026/south-africa
south-africa,South Africa,11,Al Jazeera online,12.0,https://datawrapper.dwcdn.net/vKvmI/4/,https://reutersinstitute.politics.ox.ac.uk/digital-news-report/2026/south-africa
south-africa,South Africa,12,Mail & Guardian online,12.0,https://datawrapper.dwcdn.net/vKvmI/4/,https://reutersinstitute.politics.ox.ac.uk/digital-news-report/2026/south-africa
south-africa,South Africa,13,SowetanLive,12.0,https://datawrapper.dwcdn.net/vKvmI/4/,https://reutersinstitute.politics.ox.ac.uk/digital-news-report/2026/south-africa
south-africa,South Africa,14,TimesLive,12.0,https://datawrapper.dwcdn.net/vKvmI/4/,https://reutersinstitute.politics.ox.ac.uk/digital-news-report/2026/south-africa
south-africa,South Africa,15,Community newspaper online,11.0,https://datawrapper.dwcdn.net/vKvmI/4/,https://reutersinstitute.politics.ox.ac.uk/digital-news-report/2026/south-africa
south-africa,South Africa,16,IOL,11.0,https://datawrapper.dwcdn.net/vKvmI/4/,https://reutersinstitute.politics.ox.ac.uk/digital-news-report/2026/south-africa
